Pathway,Metabolites 
Metabolic pathways,"C00001,C00002,C00003,C00004,C00005,C00006,C00007,C00008,C00010,C00011,C00012,C00014,C00015,C00016,C00018,C00019,C00020,C00021,C00022,C00024,C00025,C00026,C00029,C00031,C00032,C00033,C00034,C00035,C00036,C00037,C00039,C00041,C00042,C00043,C00044,C00046,C00047,C00048,C00049,C00051,C00052,C00053,C00054,C00055,C00058,C00059,C00061,C00062,C00063,C00064,C00065,C00067,C00068,C00072,C00073,C00074,C00075,C00077,C00078,C00079,C00080,C00081,C00082,C00083,C00084,C00085,C00086,C00087,C00088,C00089,C00090,C00091,C00092,C00093,C00094,C00095,C00096,C00097,C00099,C00100,C00101,C00103,C00104,C00105,C00106,C00108,C00109,C00110,C00111,C00112,C00114,C00116,C00117,C00118,C00119,C00120,C00121,C00122,C00123,C00124,C00127,C00128,C00129,C00130,C00131,C00132,C00133,C00134,C00135,C00136,C00137,C00140,C00141,C00143,C00144,C00146,C00147,C00148,C00149,C00152,C00153,C00154,C00155,C00156,C00157,C00158,C00159,C00160,C00163,C00164,C00166,C00167,C00168,C00169,C00170,C00173,C00178,C00179,C00180,C00181,C00183,C00184,C00185,C00186,C00187,C00188,C00189,C00190,C00191,C00192,C00194,C00195,C00197,C00198,C00199,C00203,C00204,C00206,C00207,C00208,C00209,C00212,C00213,C00214,C00216,C00217,C00218,C00219,C00221,C00222,C00223,C00224,C00227,C00229,C00230,C00231,C00232,C00233,C00234,C00235,C00236,C00237,C00239,C00242,C00243,C00244,C00245,C00246,C00247,C00249,C00250,C00251,C00252,C00253,C00254,C00255,C00256,C00257,C00258,C00259,C00261,C00262,C00263,C00266,C00267,C00268,C00269,C00270,C00272,C00275,C00279,C00280,C00283,C00286,C00288,C00294,C00295,C00296,C00299,C00300,C00301,C00302,C00307,C00309,C00310,C00311,C00312,C00313,C00314,C00315,C00319,C00320,C00322,C00323,C00325,C00327,C00328,C00329,C00330,C00331,C00332,C00333,C00334,C00337,C00338,C00341,C00344,C00345,C00346,C00350,C00352,C00353,C00354,C00355,C00356,C00357,C00360,C00361,C00362,C00363,C00364,C00365,C00366,C00369,C00371,C00372,C00376,C00378,C00379,C00380,C00381,C00383,C00385,C00386,C00387,C00388,C00389,C00390,C00392,C00394,C00395,C00398,C00399,C00401,C00402,C00406,C00407,C00408,C00409,C00410,C00411,C00413,C00415,C00416,C00417,C00418,C00422,C00423,C00424,C00426,C00427,C00429,C00430,C00431,C00433,C00436,C00437,C00438,C00439,C00440,C00441,C00445,C00446,C00447,C00448,C00449,C00450,C00455,C00458,C00459,C00460,C00461,C00463,C00464,C00468,C00469,C00470,C00473,C00474,C00475,C00479,C00482,C00483,C00486,C00487,C00488,C00489,C00490,C00491,C00492,C00493,C00497,C00498,C00499,C00500,C00501,C00502,C00504,C00506,C00507,C00508,C00509,C00511,C00512,C00514,C00515,C00519,C00521,C00522,C00523,C00524,C00526,C00527,C00530,C00531,C00532,C00533,C00534,C00535,C00540,C00541,C00543,C00544,C00545,C00546,C00547,C00550,C00552,C00555,C00556,C00558,C00559,C00561,C00565,C00566,C00568,C00570,C00573,C00575,C00576,C00577,C00580,C00581,C00582,C00583,C00584,C00588,C00590,C00593,C00596,C00601,C00603,C00606,C00617,C00618,C00620,C00621,C00624,C00627,C00628,C00630,C00631,C00632,C00633,C00634,C00636,C00637,C00638,C00639,C00641,C00642,C00643,C00644,C00645,C00647,C00652,C00655,C00664,C00665,C00666,C00668,C00669,C00671,C00672,C00673,C00674,C00679,C00680,C00681,C00682,C00683,C00684,C00685,C00688,C00689,C00691,C00692,C00693,C00695,C00696,C00697,C00700,C00705,C00714,C00718,C00719,C00721,C00726,C00729,C00734,C00735,C00739,C00740,C00744,C00745,C00748,C00750,C00751,C00755,C00760,C00762,C00763,C00774,C00777,C00780,C00783,C00785,C00786,C00788,C00789,C00791,C00792,C00793,C00794,C00795,C00798,C00800,C00802,C00804,C00805,C00811,C00813,C00814,C00817,C00818,C00819,C00820,C00822,C00826,C00827,C00828,C00829,C00831,C00835,C00836,C00842,C00844,C00845,C00846,C00847,C00853,C00855,C00857,C00858,C00859,C00860,C00861,C00862,C00864,C00876,C00877,C00878,C00879,C00880,C00881,C00882,C00884,C00885,C00887,C00894,C00898,C00899,C00903,C00905,C00909,C00916,C00921,C00925,C00927,C00931,C00935,C00937,C00940,C00942,C00944,C00951,C00954,C00956,C00957,C00958,C00961,C00963,C00965,C00966,C00973,C00974,C00975,C00976,C00978,C00979,C00984,C00986,C00988,C00989,C00990,C00992,C00993,C01001,C01005,C01007,C01010,C01011,C01013,C01019,C01020,C01024,C01026,C01028,C01031,C01033,C01035,C01036,C01037,C01040,C01041,C01042,C01043,C01044,C01045,C01046,C01050,C01051,C01054,C01056,C01059,C01060,C01061,C01063,C01068,C01077,C01079,C01080,C01081,C01083,C01087,C01089,C01091,C01092,C01094,C01096,C01097,C01099,C01100,C01101,C01102,C01103,C01104,C01107,C01110,C01112,C01113,C01114,C01115,C01118,C01120,C01124,C01127,C01131,C01132,C01134,C01137,C01138,C01142,C01143,C01144,C01146,C01149,C01151,C01152,C01157,C01159,C01161,C01163,C01164,C01165,C01168,C01170,C01172,C01176,C01177,C01179,C01180,C01181,C01182,C01185,C01186,C01187,C01189,C01190,C01194,C01197,C01198,C01204,C01205,C01209,C01211,C01212,C01213,C01216,C01217,C01218,C01219,C01220,C01221,C01222,C01226,C01227,C01228,C01231,C01233,C01234,C01235,C01236,C01241,C01242,C01243,C01245,C01246,C01250,C01251,C01252,C01259,C01260,C01261,C01262,C01264,C01267,C01268,C01269,C01271,C01272,C01273,C01274,C01277,C01278,C01279,C01284,C01286,C01290,C01297,C01300,C01301,C01302,C01304,C01312,C01326,C01346,C01352,C01367,C01368,C01380,C01384,C01401,C01407,C01412,C01414,C01416,C01417,C01419,C01433,C01438,C01444,C01454,C01455,C01457,C01468,C01477,C01487,C01490,C01494,C01500,C01514,C01516,C01528,C01530,C01542,C01546,C01561,C01563,C01571,C01575,C01594,C01595,C01596,C01598,C01606,C01610,C01613,C01617,C01620,C01623,C01626,C01667,C01672,C01673,C01674,C01678,C01682,C01693,C01694,C01697,C01708,C01717,C01720,C01721,C01724,C01726,C01732,C01735,C01739,C01744,C01747,C01748,C01753,C01762,C01768,C01772,C01780,C01788,C01789,C01794,C01801,C01802,C01825,C01829,C01832,C01841,C01845,C01847,C01850,C01851,C01852,C01861,C01879,C01885,C01888,C01898,C01902,C01904,C01909,C01912,C01921,C01929,C01934,C01935,C01941,C01943,C01944,C01946,C01953,C01962,C01987,C02004,C02034,C02035,C02046,C02050,C02051,C02059,C02061,C02067,C02075,C02076,C02079,C02084,C02090,C02091,C02094,C02105,C02106,C02110,C02124,C02133,C02137,C02139,C02140,C02141,C02147,C02161,C02165,C02166,C02167,C02170,C02183,C02188,C02189,C02191,C02198,C02199,C02218,C02220,C02222,C02225,C02226,C02232,C02237,C02247,C02262,C02265,C02266,C02273,C02280,C02282,C02291,C02305,C02320,C02325,C02330,C02331,C02341,C02348,C02350,C02352,C02353,C02354,C02355,C02356,C02359,C02362,C02364,C02370,C02371,C02375,C02376,C02378,C02400,C02405,C02411,C02426,C02431,C02442,C02462,C02463,C02465,C02474,C02477,C02480,C02483,C02492,C02501,C02504,C02505,C02512,C02514,C02515,C02526,C02527,C02528,C02538,C02557,C02565,C02575,C02588,C02591,C02593,C02612,C02614,C02630,C02632,C02637,C02642,C02646,C02647,C02656,C02657,C02659,C02666,C02670,C02673,C02679,C02686,C02693,C02700,C02713,C02714,C02718,C02723,C02727,C02730,C02737,C02739,C02741,C02753,C02763,C02765,C02798,C02811,C02814,C02823,C02835,C02855,C02876,C02880,C02888,C02892,C02915,C02918,C02920,C02923,C02934,C02937,C02938,C02939,C02946,C02947,C02949,C02953,C02960,C02962,C02970,C02972,C02977,C02985,C02987,C02989,C02991,C02995,C03004,C03012,C03021,C03028,C03033,C03035,C03043,C03056,C03058,C03063,C03064,C03069,C03078,C03082,C03087,C03089,C03090,C03112,C03114,C03117,C03150,C03160,C03164,C03166,C03167,C03170,C03175,C03187,C03190,C03194,C03196,C03198,C03201,C03203,C03205,C03206,C03219,C03221,C03223,C03227,C03230,C03231,C03232,C03233,C03239,C03240,C03242,C03263,C03267,C03273,C03277,C03283,C03284,C03287,C03289,C03291,C03296,C03309,C03313,C03319,C03325,C03329,C03341,C03344,C03345,C03366,C03372,C03373,C03375,C03383,C03393,C03401,C03405,C03406,C03409,C03415,C03427,C03428,C03431,C03434,C03440,C03442,C03451,C03453,C03454,C03455,C03459,C03460,C03470,C03479,C03483,C03492,C03506,C03508,C03516,C03519,C03539,C03546,C03557,C03561,C03564,C03569,C03576,C03586,C03589,C03590,C03594,C03598,C03599,C03614,C03618,C03646,C03648,C03656,C03657,C03671,C03676,C03677,C03680,C03681,C03683,C03684,C03686,C03692,C03715,C03722,C03724,C03733,C03740,C03741,C03742,C03752,C03758,C03765,C03771,C03785,C03793,C03794,C03820,C03824,C03826,C03827,C03838,C03845,C03852,C03862,C03871,C03892,C03906,C03912,C03917,C03920,C03921,C03939,C03943,C03944,C03955,C03964,C03968,C03972,C03979,C04002,C04006,C04022,C04037,C04042,C04043,C04044,C04045,C04046,C04051,C04052,C04053,C04062,C04063,C04075,C04076,C04088,C04089,C04091,C04092,C04115,C04118,C04121,C04122,C04133,C04137,C04145,C04185,C04186,C04188,C04225,C04236,C04244,C04246,C04257,C04260,C04268,C04272,C04281,C04282,C04287,C04290,C04294,C04295,C04297,C04302,C04308,C04314,C04317,C04324,C04327,C04330,C04332,C04346,C04348,C04349,C04350,C04351,C04352,C04376,C04377,C04390,C04392,C04405,C04409,C04411,C04421,C04432,C04434,C04442,C04454,C04462,C04468,C04475,C04477,C04478,C04479,C04484,C04487,C04488,C04494,C04498,C04501,C04520,C04525,C04536,C04546,C04549,C04554,C04555,C04556,C04563,C04573,C04575,C04577,C04578,C04579,C04582,C04592,C04593,C04598,C04613,C04618,C04619,C04620,C04628,C04630,C04631,C04633,C04635,C04637,C04640,C04642,C04652,C04666,C04672,C04677,C04688,C04691,C04702,C04706,C04717,C04722,C04729,C04732,C04734,C04738,C04742,C04751,C04752,C04756,C04767,C04778,C04780,C04783,C04785,C04793,C04805,C04807,C04823,C04824,C04831,C04832,C04844,C04851,C04874,C04877,C04882,C04895,C04896,C04916,C04919,C04932,C05080,C05103,C05107,C05108,C05122,C05123,C05125,C05127,C05130,C05133,C05138,C05141,C05143,C05144,C05147,C05161,C05172,C05174,C05175,C05176,C05178,C05179,C05189,C05190,C05191,C05193,C05194,C05202,C05212,C05220,C05223,C05231,C05235,C05239,C05247,C05258,C05259,C05260,C05261,C05262,C05263,C05264,C05265,C05266,C05267,C05268,C05269,C05270,C05271,C05272,C05273,C05274,C05275,C05276,C05281,C05290,C05294,C05295,C05297,C05300,C05306,C05307,C05316,C05322,C05324,C05332,C05335,C05336,C05337,C05340,C05341,C05350,C05356,C05361,C05366,C05375,C05379,C05382,C05385,C05392,C05396,C05402,C05404,C05412,C05414,C05421,C05422,C05427,C05430,C05431,C05432,C05433,C05435,C05437,C05439,C05440,C05441,C05442,C05443,C05444,C05445,C05446,C05447,C05448,C05449,C05451,C05452,C05453,C05454,C05455,C05460,C05467,C05479,C05480,C05484,C05488,C05500,C05501,C05502,C05512,C05513,C05515,C05516,C05519,C05526,C05527,C05528,C05535,C05539,C05544,C05545,C05546,C05548,C05552,C05554,C05556,C05557,C05560,C05568,C05570,C05571,C05575,C05576,C05577,C05578,C05579,C05580,C05581,C05582,C05583,C05584,C05585,C05587,C05588,C05589,C05593,C05594,C05600,C05604,C05607,C05608,C05610,C05619,C05620,C05623,C05625,C05629,C05631,C05634,C05635,C05638,C05639,C05640,C05644,C05646,C05648,C05651,C05653,C05662,C05665,C05668,C05672,C05673,C05674,C05675,C05676,C05678,C05681,C05682,C05688,C05689,C05690,C05698,C05699,C05703,C05714,C05715,C05726,C05727,C05729,C05730,C05744,C05745,C05746,C05747,C05748,C05749,C05750,C05751,C05752,C05753,C05754,C05755,C05756,C05757,C05758,C05759,C05760,C05761,C05762,C05763,C05764,C05766,C05768,C05769,C05770,C05772,C05773,C05775,C05777,C05778,C05781,C05787,C05791,C05795,C05807,C05817,C05819,C05822,C05823,C05824,C05825,C05827,C05828,C05837,C05840,C05841,C05842,C05843,C05847,C05848,C05849,C05852,C05856,C05892,C05893,C05894,C05895,C05896,C05897,C05898,C05903,C05904,C05905,C05906,C05921,C05922,C05923,C05924,C05925,C05931,C05932,C05933,C05936,C05938,C05946,C05947,C05951,C05952,C05953,C05954,C05955,C05956,C05957,C05958,C05961,C05962,C05963,C05964,C05965,C05966,C05977,C05979,C05980,C05981,C05989,C05993,C05998,C06000,C06001,C06002,C06006,C06007,C06010,C06018,C06019,C06022,C06023,C06024,C06025,C06026,C06027,C06028,C06032,C06033,C06037,C06040,C06041,C06042,C06044,C06046,C06049,C06054,C06055,C06058,C06070,C06071,C06081,C06082,C06087,C06089,C06090,C06093,C06094,C06095,C06098,C06099,C06102,C06104,C06112,C06118,C06124,C06125,C06128,C06142,C06143,C06144,C06148,C06153,C06156,C06160,C06161,C06162,C06163,C06165,C06167,C06171,C06172,C06173,C06174,C06175,C06178,C06179,C06181,C06182,C06183,C06193,C06194,C06195,C06197,C06198,C06199,C06201,C06202,C06203,C06204,C06210,C06213,C06231,C06240,C06241,C06250,C06251,C06304,C06305,C06308,C06311,C06313,C06314,C06315,C06316,C06318,C06319,C06320,C06321,C06322,C06329,C06337,C06364,C06365,C06376,C06377,C06387,C06394,C06397,C06398,C06399,C06400,C06406,C06407,C06408,C06416,C06419,C06423,C06424,C06426,C06427,C06441,C06442,C06451,C06452,C06454,C06459,C06462,C06473,C06482,C06503,C06504,C06505,C06506,C06507,C06508,C06509,C06510,C06547,C06548,C06551,C06552,C06553,C06554,C06555,C06561,C06563,C06564,C06565,C06566,C06568,C06569,C06570,C06571,C06575,C06576,C06577,C06578,C06579,C06580,C06581,C06582,C06584,C06585,C06586,C06587,C06588,C06589,C06593,C06594,C06597,C06599,C06600,C06609,C06610,C06611,C06612,C06613,C06614,C06615,C06616,C06620,C06624,C06627,C06628,C06629,C06630,C06633,C06635,C06653,C06654,C06655,C06656,C06657,C06658,C06659,C06660,C06661,C06662,C06669,C06670,C06671,C06677,C06689,C06711,C06712,C06714,C06715,C06720,C06723,C06727,C06728,C06729,C06730,C06731,C06749,C06752,C06753,C06754,C06755,C06756,C06757,C06758,C06760,C06762,C06789,C06790,C06791,C06792,C06793,C06800,C06801,C06802,C06866,C06892,C06893,C06972,C07024,C07025,C07026,C07027,C07028,C07029,C07030,C07031,C07032,C07044,C07075,C07083,C07084,C07085,C07086,C07087,C07089,C07092,C07093,C07094,C07095,C07097,C07099,C07100,C07101,C07102,C07103,C07111,C07123,C07130,C07201,C07204,C07208,C07209,C07211,C07212,C07213,C07214,C07215,C07216,C07277,C07303,C07335,C07349,C07394,C07478,C07479,C07480,C07481,C07576,C07578,C07712,C07715,C07729,C07731,C07732,C07733,C07734,C07836,C07838,C08057,C08060,C08061,C08062,C08276,C08300,C08301,C08307,C08308,C08312,C08325,C08362,C08491,C08537,C08538,C08539,C08540,C08542,C08543,C08544,C08552,C08579,C08586,C08588,C08589,C08590,C08601,C08606,C08607,C08613,C08614,C08616,C08650,C08813,C08814,C08821,C08830,C08942,C08972,C09024,C09099,C09131,C09244,C09306,C09592,C09621,C09629,C09668,C09699,C09704,C09727,C09762,C09789,C09804,C09811,C09812,C09813,C09816,C09817,C09818,C09819,C09820,C09821,C09822,C09823,C10164,C10208,C10216,C10434,C10447,C10497,C10503,C10556,C10557,C10641,C10646,C10682,C10700,C10784,C10860,C10874,C11062,C11130,C11135,C11142,C11143,C11145,C11348,C11354,C11382,C11393,C11422,C11425,C11426,C11427,C11434,C11435,C11436,C11437,C11438,C11448,C11449,C11453,C11455,C11457,C11460,C11468,C11469,C11472,C11499,C11508,C11516,C11521,C11522,C11523,C11536,C11537,C11538,C11540,C11542,C11543,C11544,C11545,C11554,C11555,C11556,C11557,C11588,C11638,C11641,C11643,C11675,C11680,C11691,C11700,C11811,C11821,C11831,C11853,C11857,C11858,C11859,C11860,C11861,C11862,C11863,C11864,C11872,C11873,C11874,C11875,C11878,C11882,C11887,C11894,C11895,C11897,C11899,C11900,C11901,C11907,C11908,C11909,C11910,C11911,C11912,C11915,C11916,C11919,C11920,C11921,C11922,C11925,C11926,C11927,C11928,C11933,C11961,C11962,C11963,C11964,C11965,C11966,C11967,C11968,C11977,C11978,C11979,C11980,C11981,C11982,C11983,C11984,C11989,C11990,C11991,C11992,C11993,C11994,C11996,C11997,C11998,C11999,C12000,C12001,C12002,C12003,C12014,C12023,C12049,C12112,C12115,C12126,C12137,C12144,C12145,C12147,C12203,C12204,C12212,C12213,C12248,C12270,C12312,C12318,C12319,C12320,C12321,C12322,C12323,C12348,C12354,C12366,C12367,C12368,C12369,C12370,C12371,C12378,C12379,C12381,C12382,C12383,C12384,C12385,C12386,C12387,C12388,C12389,C12415,C12416,C12420,C12421,C12422,C12423,C12424,C12434,C12435,C12436,C12441,C12442,C12448,C12455,C12461,C12462,C12463,C12467,C12468,C12470,C12474,C12475,C12476,C12481,C12483,C12491,C12621,C12622,C12623,C12624,C12631,C12831,C12832,C12833,C12834,C12835,C12836,C13309,C13431,C13433,C13453,C13455,C13508,C13624,C13629,C13632,C13636,C13712,C13747,C13952,C14131,C14143,C14144,C14145,C14151,C14152,C14153,C14154,C14155,C14156,C14180,C14279,C14315,C14610,C14732,C14748,C14749,C14768,C14769,C14770,C14771,C14772,C14773,C14774,C14775,C14776,C14781,C14782,C14808,C14810,C14812,C14813,C14814,C14815,C14822,C14823,C14825,C14826,C14827,C14899,C14909,C15485,C15486,C15493,C15500,C15501,C15502,C15503,C15522,C15524,C15525,C15532,C15545,C15547,C15556,C15563,C15567,C15606,C15607,C15613,C15614,C15645,C15646,C15647,C15650,C15651,C15667,C15670,C15672,C15680,C15681,C15682,C15683,C15684,C15685,C15699,C15700,C15767,C15769,C15770,C15772,C15776,C15777,C15780,C15781,C15782,C15783,C15785,C15786,C15787,C15789,C15790,C15791,C15792,C15793,C15794,C15795,C15796,C15797,C15798,C15799,C15800,C15801,C15802,C15803,C15804,C15805,C15806,C15808,C15809,C15810,C15811,C15812,C15813,C15814,C15816,C15857,C15858,C15867,C15874,C15877,C15878,C15879,C15881,C15882,C15883,C15884,C15885,C15886,C15887,C15888,C15892,C15895,C15898,C15900,C15902,C15903,C15905,C15925,C15926,C15930,C15970,C15972,C15973,C15975,C15977,C15979,C15980,C15986,C15987,C15996,C16074,C16075,C16138,C16143,C16153,C16154,C16155,C16156,C16157,C16163,C16168,C16169,C16172,C16173,C16183,C16186,C16187,C16203,C16204,C16210,C16219,C16220,C16221,C16238,C16241,C16242,C16243,C16244,C16262,C16263,C16264,C16276,C16317,C16327,C16328,C16330,C16331,C16332,C16334,C16335,C16336,C16338,C16339,C16348,C16352,C16353,C16356,C16357,C16358,C16365,C16386,C16424,C16428,C16432,C16473,C16474,C16476,C16479,C16480,C16482,C16516,C16517,C16518,C16519,C16520,C16524,C16540,C16541,C16583,C16588,C16589,C16590,C16593,C16594,C16597,C16598,C16600,C16663,C16664,C16666,C16675,C16677,C16678,C16681,C16682,C16693,C16695,C16698,C16719,C16737,C16741,C16753,C16754,C16755,C16829,C16848,C16850,C16999,C17010,C17017,C17018,C17148,C17203,C17235,C17267,C17268,C17269,C17326,C17327,C17328,C17339,C17343,C17345,C17346,C17351,C17352,C17355,C17366,C17367,C17401,C17513,C17530,C17541,C17542,C17549,C17550,C17551,C17552,C17554,C17559,C17570,C17621,C17622,C17691,C17692,C17693,C17694,C17696,C17697,C17700,C17751,C17758,C17937,C17938,C18026,C18028,C18029,C18030,C18031,C18032,C18033,C18034,C18035,C18041,C18042,C18043,C18044,C18054,C18060,C18062,C18094,C18096,C18151,C18167,C18172,C18174,C18202,C18218,C18231,C18232,C18237,C18239,C18293,C18294,C18295,C18296,C18314,C18323,C18324,C18325,C18326,C18327,C18328,C18329,C18330,C18331,C18332,C18333,C18334,C18335,C18336,C18337,C18353,C18354,C18356,C18629,C18630,C18631,C18709,C18710,C18711,C18799,C18802,C18846,C18847,C18910,C18911,C18933,C19151,C19152,C19153,C19154,C19155,C19156,C19567,C19569,C19614,C19615,C19631,C19673,C19686,C19687,C19688,C19698,C19699,C19700,C19701,C19712,C19714,C19715,C19725,C19730,C19745,C19759,C19764,C19765,C19769,C19787,C19794,C19795,C19799,C19814,C19815,C19823,C19830,C19831,C19845,C19846,C19847,C19848,C19858,C19859,C19867,C19868,C19869,C19871,C19872,C19878,C19879,C19880,C19881,C19886,C19887,C19888,C19889,C19891,C19892,C19929,C19939,C19944,C19945,C19946,C19947,C19960,C19961,C19971,C19972,C19975,C20045,C20062,C20082,C20083,C20144,C20156,C20199,C20231,C20237,C20238,C20239,C20246,C20247,C20248,C20249,C20251,C20253,C20254,C20258,C20264,C20265,C20267,C20277,C20278,C20279,C20297,C20299,C20313,C20314,C20315,C20327,C20333,C20345,C20357,C20359,C20361,C20372,C20373,C20374,C20375,C20376,C20377,C20378,C20379,C20386,C20395,C20396,C20397,C20399,C20400,C20403,C20404,C20406,C20407,C20408,C20409,C20410,C20413,C20415,C20417,C20418,C20419,C20422,C20423,C20424,C20436,C20437,C20438,C20440,C20444,C20445,C20447,C20452,C20453,C20499,C20500,C20502,C20503,C20505,C20507,C20512,C20513,C20525,C20526,C20527,C20529,C20530,C20563,C20564,C20566,C20567,C20574,C20575,C20581,C20582,C20583,C20604,C20605,C20607,C20612,C20613,C20629,C20630,C20638,C20639,C20644,C20651,C20653,C20654,C20668,C20672,C20680,C20682,C20683,C20737,C20738,C20760,C20768,C20769,C20772,C20773,C20774,C20775,C20776,C20781,C20782,C20783,C20784,C20790,C20799,C20810,C20825,C20827,C20834,C20836,C20838,C20841,C20842,C20846,C20847,C20848,C20851,C20852,C20853,C20854,C20856,C20857,C20859,C20870,C20876,C20877,C20878,C20879,C20889,C20894,C20896,C20897,C20898,C20926,C20934,C20940,C20941,C20942,C20948,C20949,C20950,C20951,C20953,C20954,C20955,C20956,C20961,C20962,C20963,C20964,C20966,C20974,C20975,C20976,C20977,C20981,C20991,C20994,C20995,C21015,C21016,C21017,C21018,C21027,C21028,C21029,C21068,C21069,C21070,C21071,C21073,C21074,C21075,C21084,C21085,C21086,C21087,C21093,C21104,C21105,C21106,C21108,C21109,C21110,C21124,C21125,C21126,C21127,C21128,C21129,C21130,C21131,C21134,C21135,C21136,C21138,C21139,C21140,C21141,C21154,C21156,C21183,C21184,C21191,C21204,C21205,C21206,C21207,C21208,C21215,C21216,C21218,C21219,C21250,C21284,C21292,C21295,C21301,C21306,C21307,C21308,C21309,C21310,C21311,C21312,C21313,C21320,C21321,C21322,C21323,C21324,C21325,C21326,C21327,C21328,C21330,C21337,C21338,C21339,C21340,C21341,C21342,C21343,C21344,C21345,C21346,C21347,C21357,C21368,C21383,C21384,C21390,C21408,C21411,C21412,C21430,C21442,C21450,C21451,C21473,C21485,C21486,C21510,C21511,C21512,C21559,C21565,C21567,C21568,C21569,C21570,C21571,C21572,C21573,C21574,C21586,C21587,C21588,C21589,C21590,C21591,C21632,C21640,C21643,C21644,C21646,C21647,C21648,C21678,C21762,C21764,C21778,C21779,C21803,C21804,C21805,C21835,C21860,C21873,C21874,C21875,C21897,C21903,C21955,C21959,C21967,C21971,C21978,C21979,C21988,C21994,C21995,C21996,C21997,C21998,C21999,C22006,C22014,C22024,C22025,C22029,C22038,C22039,C22053,C22058,C22059,C22060,C22068,C22072,C22073,C22074,C22075,C22084,C22085,C22101,C22102,C22112,C22116,C22119,C22120,C22121,C22122,C22123,C22136,C22137,C22138,C22139,C22140,C22141,C22142,C22143,C22144,C22145,C22146,C22147,C22148,C22149,C22159,C22160,C22161,C22216,C22217,C22225,C22245,C22246,C22247,C22248,C22249,C22250,C22251,C22252,C22253,C22254,C22255,C22256,C22257,C22259,C22260,C22261,C22262,C22270,C22276,C22277,C22289,C22297,C22337,C22347,C22348,C22349,C22359,C22388,C22397,C22416,C22421,C22425,C22450,C22451,C22453,C22455,C22458,C22466,C22467,C22552,C22553,C22556,C22557,C22558,C22567,C22617,C22618,C22619,C22629,C22631,C22650,C22651,C22652,C22653,C22654,C22656,C22658,C22660,C22664,C22666,C22712,C22831,C22832,C22834,C22918"
Carbon metabolism,"C00011,C00014,C00022,C00024,C00025,C00026,C00033,C00036,C00037,C00041,C00042,C00048,C00049,C00058,C00065,C00067,C00074,C00083,C00085,C00091,C00097,C00100,C00101,C00111,C00117,C00118,C00119,C00122,C00132,C00136,C00143,C00149,C00158,C00160,C00168,C00169,C00184,C00197,C00198,C00199,C00204,C00218,C00221,C00222,C00227,C00231,C00232,C00234,C00236,C00237,C00257,C00258,C00267,C00279,C00283,C00311,C00332,C00345,C00354,C00440,C00445,C00447,C00488,C00543,C00565,C00566,C00577,C00631,C00668,C00683,C00877,C00894,C00979,C00988,C00989,C01001,C01005,C01011,C01013,C01144,C01172,C01182,C01213,C01217,C01236,C01274,C01438,C01732,C03232,C03561,C03576,C03618,C03920,C04330,C04348,C04377,C04442,C04488,C04628,C04832,C05382,C05668,C06019,C06027,C06028,C11062,C18026,C18323,C18324,C18799,C18802,C20238"
2-Oxocarboxylic acid metabolism,"C00022,C00024,C00025,C00026,C00036,C00041,C00047,C00049,C00073,C00077,C00078,C00079,C00082,C00091,C00100,C00109,C00123,C00141,C00158,C00166,C00183,C00233,C00311,C00322,C00407,C00417,C00437,C00441,C00527,C00624,C00630,C00671,C00810,C00956,C01069,C01179,C01180,C01250,C01251,C02153,C02226,C02356,C02504,C02612,C02631,C02937,C02939,C03082,C03219,C03283,C03719,C04002,C04133,C04181,C04236,C04272,C04350,C04411,C05379,C05533,C05662,C05837,C06006,C06007,C06010,C06032,C08401,C08407,C08409,C08412,C08417,C08418,C08426,C14463,C15980,C16516,C16517,C16518,C16583,C16588,C16589,C16597,C16598,C16600,C17210,C17211,C17212,C17213,C17214,C17215,C17216,C17217,C17218,C17219,C17220,C17221,C17222,C17223,C17224,C17225,C17226,C17227,C17228,C17229,C17230,C17231,C17232,C17233,C17235,C17236,C17237,C17238,C17239,C17240,C17241,C17242,C17243,C17244,C17245,C17246,C17248,C17249,C17250,C17251,C17252,C17253,C17254,C17255,C17256,C19491,C19714,C19886,C19887,C19888,C19889,C20327,C20581,C20582,C20653,C20654,C20948,C20949,C20950,C20951"
Fatty acid metabolism,"C00024,C00083,C00136,C00154,C00229,C00249,C00332,C00383,C00412,C00510,C00877,C01144,C01203,C01209,C01832,C01944,C02041,C02050,C02249,C02593,C02990,C03035,C03221,C03595,C03939,C04088,C04246,C04618,C04619,C04620,C04633,C04688,C05223,C05258,C05259,C05260,C05261,C05262,C05263,C05264,C05265,C05266,C05267,C05268,C05269,C05270,C05271,C05272,C05273,C05274,C05275,C05276,C05744,C05745,C05746,C05747,C05748,C05749,C05750,C05751,C05752,C05753,C05754,C05755,C05756,C05757,C05758,C05759,C05760,C05761,C05762,C05763,C05764,C16160,C16161,C16162,C16163,C16164,C16165,C16166,C16167,C16168,C16169,C16170,C16171,C16172,C16173,C16179,C16180,C16216,C16217,C16218,C16219,C16220,C16221,C16374,C16375,C16376,C16387,C16388,C16389,C16528,C16529,C16530,C16531,C16532,C16645,C17279,C21932,C21934,C21935,C21937,C21939,C21941,C21949,C21951,C21953,C21959,C21961,C21963,C21965,C21967"
Biosynthesis of amino acids,"C00011,C00014,C00019,C00021,C00022,C00025,C00026,C00036,C00037,C00041,C00047,C00049,C00062,C00064,C00065,C00073,C00074,C00077,C00078,C00079,C00082,C00085,C00097,C00108,C00109,C00111,C00117,C00118,C00119,C00123,C00135,C00141,C00148,C00152,C00155,C00158,C00166,C00169,C00183,C00188,C00197,C00199,C00231,C00233,C00236,C00251,C00254,C00263,C00279,C00311,C00322,C00327,C00354,C00407,C00437,C00441,C00449,C00493,C00624,C00631,C00666,C00671,C00680,C00826,C00860,C00944,C00956,C00979,C01005,C01100,C01102,C01118,C01165,C01179,C01250,C01251,C01267,C01269,C01302,C02291,C02504,C02612,C02637,C02739,C02741,C03082,C03175,C03232,C03283,C03287,C03406,C03506,C03539,C03871,C03912,C03972,C04002,C04076,C04133,C04272,C04302,C04390,C04411,C04421,C04462,C04666,C04691,C04896,C04916,C05382,C05539,C05662,C05824,C06006,C06007,C06010,C06019,C06032,C15532,C19886,C19887,C19888,C19889,C20258,C20948,C20949,C20950,C20951"
Nucleotide metabolism,"C00002,C00008,C00015,C00020,C00035,C00044,C00055,C00063,C00064,C00075,C00081,C00104,C00105,C00106,C00112,C00119,C00130,C00131,C00144,C00147,C00178,C00206,C00212,C00214,C00239,C00242,C00262,C00286,C00294,C00299,C00330,C00360,C00361,C00362,C00363,C00364,C00365,C00380,C00385,C00387,C00458,C00459,C00460,C00475,C00526,C00559,C00655,C00700,C00705,C00881,C01337,C01344,C01345,C01346,C01762,C03794,C05512,C06196"
Biosynthesis of nucleotide sugars,"C00029,C00043,C00052,C00085,C00095,C00096,C00103,C00128,C00137,C00140,C00159,C00167,C00190,C00191,C00199,C00203,C00216,C00259,C00267,C00270,C00275,C00325,C00329,C00333,C00352,C00357,C00394,C00446,C00498,C00501,C00617,C00636,C00645,C00668,C00688,C00842,C00935,C00976,C00984,C01019,C01050,C01112,C01132,C01170,C01187,C01219,C01222,C01623,C01788,C02199,C02280,C02713,C02977,C02985,C03117,C03187,C03319,C03442,C03598,C03599,C03691,C03733,C03906,C04037,C04089,C04121,C04257,C04268,C04297,C04346,C04478,C04501,C04573,C04613,C04630,C04631,C05382,C05385,C06018,C06156,C06240,C06241,C06377,C06397,C06398,C06620,C07277,C07836,C07838,C11460,C11472,C11521,C11907,C11908,C11909,C11910,C11911,C11912,C11915,C11916,C11919,C11920,C11921,C11922,C11925,C11926,C11927,C11928,C11933,C12210,C12211,C12318,C12319,C12320,C12321,C12322,C12481,C13952,C15925,C16153,C16155,C16183,C16698,C17269,C17280,C17281,C17326,C17327,C17328,C18029,C18030,C18031,C18032,C18033,C18034,C18035,C18060,C18092,C18094,C19725,C19745,C19769,C19823,C19878,C19879,C19880,C19881,C19947,C19948,C19960,C19961,C19971,C19972,C20082,C20083,C20156,C20357,C20359,C20395,C20415,C20418,C20419,C20424,C20612,C20613,C20638,C20672,C20682,C20768,C20769,C20774,C20934,C21027,C21071,C21073,C21074,C21137,C21383,C21384,C22029,C22245,C22246,C22247,C22248,C22249,C22250,C22251,C22252,C22253,C22254,C22255,C22256,C22257,C22259,C22260,C22261,C22262,C22270,C22276,C22397"
Biosynthesis of cofactors,"C00002,C00003,C00006,C00008,C00010,C00015,C00016,C00018,C00019,C00020,C00021,C00022,C00024,C00025,C00026,C00029,C00032,C00036,C00037,C00044,C00049,C00051,C00061,C00063,C00064,C00065,C00068,C00072,C00073,C00074,C00075,C00078,C00082,C00083,C00085,C00096,C00097,C00099,C00101,C00103,C00105,C00112,C00117,C00118,C00119,C00120,C00127,C00130,C00141,C00143,C00153,C00156,C00158,C00167,C00169,C00183,C00191,C00194,C00197,C00199,C00234,C00250,C00251,C00253,C00254,C00255,C00272,C00275,C00279,C00295,C00311,C00314,C00322,C00328,C00333,C00337,C00341,C00376,C00378,C00390,C00399,C00415,C00430,C00438,C00445,C00473,C00483,C00493,C00504,C00522,C00544,C00568,C00593,C00617,C00627,C00632,C00636,C00668,C00669,C00748,C00750,C00800,C00828,C00853,C00857,C00862,C00864,C00876,C00882,C00885,C00921,C00931,C00966,C01024,C01037,C01040,C01051,C01063,C01079,C01081,C01092,C01103,C01115,C01134,C01179,C01185,C01209,C01217,C01251,C01268,C01279,C01300,C01304,C01352,C01825,C01847,C01909,C01944,C02059,C02094,C02191,C02280,C02291,C02463,C02477,C02483,C02637,C02656,C02700,C02730,C02953,C02972,C02987,C03033,C03114,C03160,C03227,C03263,C03313,C03373,C03393,C03492,C03541,C03576,C03657,C03684,C03722,C03741,C03794,C04037,C04145,C04294,C04327,C04332,C04352,C04409,C04454,C04556,C04628,C04732,C04752,C04778,C04807,C04874,C04895,C05427,C05432,C05528,C05662,C05665,C05752,C05770,C05772,C05773,C05775,C05777,C05778,C05807,C05817,C05819,C05840,C05847,C05848,C05849,C05924,C05925,C05927,C06054,C06055,C06313,C06319,C06320,C06399,C06406,C06407,C06408,C06416,C06423,C06503,C06504,C06506,C06507,C06508,C06509,C06510,C07335,C09332,C11355,C11437,C11536,C11537,C11538,C11540,C11542,C11543,C11545,C11638,C13309,C14151,C14152,C15547,C15556,C15670,C15672,C15809,C15810,C15812,C15813,C15814,C15882,C15883,C15926,C15930,C15972,C15973,C16242,C16243,C16244,C16519,C16583,C16588,C16589,C16597,C16598,C16600,C16695,C16999,C17010,C17017,C17018,C17401,C17551,C17552,C17554,C17559,C17570,C18237,C18239,C18802,C18910,C18911,C19152,C19153,C19154,C19155,C19156,C19673,C19845,C19846,C19847,C19848,C19858,C19859,C20246,C20247,C20264,C20265,C20372,C20373,C20374,C20375,C20376,C20377,C20378,C20562,C20683,C20772,C20773,C20784,C20926,C20954,C21068,C21069,C21070,C21084,C21284,C21310,C21510,C21511,C21512,C21621,C21835,C21860,C21971,C22039,C22159,C22160,C22458"
Glycolysis / Gluconeogenesis,"C00022,C00024,C00031,C00033,C00036,C00068,C00074,C00084,C00085,C00103,C00111,C00118,C00186,C00197,C00221,C00236,C00267,C00354,C00469,C00631,C00668,C01159,C01172,C01451,C05125,C06186,C06187,C06188,C15972,C15973,C16255"
Citrate cycle (TCA cycle),"C00022,C00024,C00026,C00036,C00042,C00068,C00074,C00091,C00122,C00149,C00158,C00311,C00417,C05125,C05379,C05381,C15972,C15973,C16254,C16255"
Pentose phosphate pathway,"C00022,C00031,C00085,C00117,C00118,C00119,C00121,C00197,C00198,C00199,C00204,C00221,C00231,C00257,C00258,C00279,C00345,C00354,C00577,C00620,C00631,C00668,C00672,C00673,C01151,C01172,C01182,C01218,C01236,C01801,C02076,C03752,C04442,C05382,C06019,C06473,C20589"
Pentose and glucuronate interconversions,"C00022,C00026,C00029,C00103,C00111,C00116,C00167,C00181,C00191,C00199,C00204,C00216,C00231,C00259,C00266,C00309,C00310,C00312,C00333,C00379,C00433,C00470,C00474,C00476,C00502,C00508,C00514,C00532,C00558,C00618,C00714,C00789,C00800,C00817,C00905,C01068,C01101,C01508,C01904,C02266,C02273,C02426,C02753,C03033,C03291,C03826,C04053,C04349,C04575,C05385,C05411,C05412,C06118,C06441,C14899,C15930,C20680,C22337,C22712"
Fructose and mannose metabolism,"C00085,C00095,C00096,C00111,C00118,C00159,C00186,C00247,C00267,C00275,C00325,C00354,C00392,C00424,C00464,C00507,C00577,C00636,C00644,C00665,C00794,C00861,C00976,C01019,C01094,C01096,C01099,C01131,C01222,C01355,C01487,C01720,C01721,C01768,C01934,C02431,C02492,C02888,C02962,C02977,C02985,C02991,C03117,C03267,C03827,C03979,C05144,C05392,C06192,C11516,C11544,C18028,C18096,C20781,C20836"
Galactose metabolism,"C00029,C00031,C00052,C00085,C00089,C00095,C00103,C00111,C00116,C00118,C00124,C00137,C00159,C00243,C00267,C00446,C00492,C00577,C00668,C00794,C00795,C00880,C00984,C01097,C01113,C01132,C01216,C01235,C01286,C01613,C01697,C02262,C02669,C03383,C03733,C03785,C05396,C05399,C05400,C05401,C05402,C05404,C05796,C06311,C06376,C06377"
Ascorbate and aldarate metabolism,"C00022,C00026,C00029,C00072,C00096,C00137,C00167,C00191,C00216,C00231,C00259,C00333,C00433,C00545,C00558,C00617,C00618,C00652,C00679,C00684,C00800,C00818,C00878,C00879,C01040,C01041,C01101,C01114,C01115,C01146,C01620,C01825,C02280,C02670,C03033,C03064,C03289,C03291,C03826,C03921,C04037,C04575,C05385,C05411,C05412,C05422,C06316,C14899,C15923,C15924,C15925,C15926,C15930,C16186,C20889,C20896,C21955"
Starch and sucrose metabolism,"C00029,C00031,C00085,C00089,C00092,C00095,C00103,C00185,C00208,C00252,C00369,C00372,C00394,C00498,C00501,C00663,C00689,C00718,C00721,C00760,C00963,C00965,C00973,C01083,C01231,C01725,C01898,C01935,C02591,C02995,C03323,C04534,C05731,C06215,C06400,C16688,C20237"
Amino sugar and nucleotide sugar metabolism,"C00029,C00031,C00043,C00052,C00085,C00095,C00096,C00103,C00128,C00140,C00159,C00167,C00181,C00190,C00191,C00203,C00216,C00259,C00267,C00270,C00275,C00325,C00329,C00333,C00352,C00357,C00394,C00446,C00461,C00498,C00501,C00617,C00636,C00645,C00668,C00714,C00734,C00935,C00976,C00984,C00996,C00999,C01019,C01050,C01132,C01170,C01219,C01222,C01623,C01674,C01788,C02199,C02280,C02352,C02474,C02713,C02977,C02985,C03117,C03410,C03598,C03599,C03691,C03733,C03906,C04037,C04089,C04257,C04297,C04501,C04573,C04613,C04630,C04631,C05385,C06023,C06156,C06240,C06241,C06377,C11521,C13952,C15925,C16153,C16154,C16155,C16156,C16157,C16183,C16698,C17269,C17326,C17327,C17328,C18060,C18094,C19725,C19745,C19769,C19823,C19961,C19971,C19972,C20082,C20083,C20357,C20359,C20395,C20418,C20419,C20424,C20638,C20672,C20934,C21027,C21383,C21384,C22029"
Pyruvate metabolism,"C00022,C00024,C00033,C00036,C00042,C00058,C00068,C00074,C00083,C00084,C00122,C00149,C00186,C00227,C00256,C00332,C00424,C00469,C00546,C00937,C01251,C02488,C02504,C03248,C03451,C03981,C05125,C05993,C05994,C15972,C15973,C16255"
Glyoxylate and dicarboxylate metabolism,"C00007,C00011,C00014,C00022,C00024,C00025,C00026,C00027,C00033,C00036,C00037,C00042,C00048,C00058,C00064,C00065,C00091,C00100,C00111,C00136,C00149,C00158,C00160,C00168,C00197,C00209,C00258,C00266,C00311,C00313,C00332,C00417,C00552,C00631,C00683,C00798,C00877,C00888,C00898,C00975,C00988,C01127,C01146,C01182,C01213,C01380,C01732,C01989,C01990,C02123,C02405,C03217,C03459,C03548,C03561,C03618,C04348,C06027,C06028,C06049,C18026,C18324,C20238,C22337"
Propanoate metabolism,"C00024,C00042,C00068,C00083,C00091,C00099,C00100,C00109,C00111,C00163,C00186,C00222,C00424,C00479,C00511,C00546,C00583,C00683,C00804,C00827,C00894,C01013,C01213,C02170,C02225,C02335,C02876,C04225,C04593,C05235,C05668,C05979,C05983,C05984,C05989,C06002,C15972,C15973,C21017,C21018,C21250"
Butanoate metabolism,"C00022,C00024,C00025,C00026,C00042,C00091,C00122,C00132,C00136,C00164,C00207,C00232,C00246,C00332,C00334,C00356,C00497,C00741,C00810,C00877,C00989,C01089,C01144,C01384,C01412,C01769,C01845,C02331,C02411,C02527,C02630,C03044,C03046,C03058,C03561,C04546,C06010,C06142,C06143,C06144,C06145,C06146,C11062,C17530,C20657,C20783,C21390"
Inositol phosphate metabolism,"C00024,C00092,C00111,C00118,C00137,C00191,C00222,C00558,C00641,C00691,C01177,C01194,C01204,C01220,C01243,C01245,C01272,C01277,C01284,C03546,C03659,C03660,C04006,C04062,C04063,C04287,C04477,C04520,C04549,C04563,C04579,C04637,C05981,C06153,C06892,C06893,C11554,C11555,C11556,C11557,C16737,C19794,C19799,C19891,C20251,C21643,C21644"
Oxidative phosphorylation,"C00001,C00002,C00003,C00004,C00007,C00008,C00009,C00013,C00042,C00080,C00122,C00536"
Nitrogen metabolism,"C00007,C00011,C00014,C00025,C00058,C00064,C00088,C00169,C00192,C00244,C00288,C00488,C00533,C00697,C00726,C00887,C01417,C01563,C05361,C06058"
Sulfur metabolism,"C00033,C00042,C00053,C00054,C00059,C00065,C00084,C00087,C00094,C00097,C00155,C00224,C00245,C00263,C00283,C00320,C00409,C00580,C00979,C01118,C01861,C02084,C03920,C04022,C08276,C11142,C11143,C11145,C15521,C17267,C19692,C20870,C20955,C22834"
Fatty acid biosynthesis,"C00024,C00083,C00154,C00173,C00229,C00249,C00383,C00638,C00685,C00693,C00712,C01203,C01209,C01271,C01530,C01571,C02679,C02843,C03939,C04088,C04180,C04246,C04618,C04619,C04620,C04633,C04688,C05223,C05744,C05745,C05746,C05747,C05748,C05749,C05750,C05751,C05752,C05753,C05754,C05755,C05756,C05757,C05758,C05759,C05760,C05761,C05762,C05763,C05764,C06423,C06424,C08362,C16219,C16220,C16221,C16520,C20683,C20794"
Fatty acid elongation,"C00024,C00040,C00083,C00136,C00154,C00162,C00249,C00264,C00605,C00638,C00640,C00658,C01832,C01944,C02593,C02843,C03221,C05258,C05259,C05260,C05261,C05262,C05263,C05264,C05265,C05266,C05267,C05268,C05269,C05270,C05271,C05272,C05273,C05274,C05275,C05276,C20876,C20877,C20878,C20879"
Fatty acid degradation,"C00010,C00024,C00071,C00136,C00154,C00162,C00226,C00229,C00249,C00332,C00340,C00435,C00489,C00517,C00527,C00638,C00823,C00877,C01144,C01371,C01832,C01944,C02593,C02990,C03221,C03547,C03561,C05102,C05258,C05259,C05260,C05261,C05262,C05263,C05264,C05265,C05266,C05267,C05268,C05269,C05270,C05271,C05272,C05273,C05274,C05275,C05276,C05279,C05280,C20683"
Steroid biosynthesis,"C00187,C00448,C00751,C01054,C01164,C01189,C01561,C01673,C01694,C01724,C01753,C01789,C01802,C01902,C01943,C02141,C02530,C03428,C03845,C04525,C05103,C05107,C05108,C05109,C05437,C05439,C05440,C05441,C05442,C05443,C07712,C08813,C08821,C08830,C11455,C11508,C11522,C11523,C15776,C15777,C15780,C15781,C15782,C15783,C15808,C15816,C15915,C18231,C21106,C22112,C22116,C22119,C22120,C22121,C22122,C22123,C22136"
Primary bile acid biosynthesis,"C00037,C00187,C00245,C00695,C01301,C01794,C01921,C02528,C03594,C04554,C04722,C05122,C05337,C05444,C05445,C05446,C05447,C05448,C05449,C05451,C05452,C05453,C05454,C05455,C05460,C05465,C05466,C05467,C05468,C06341,C13550,C15518,C15519,C15520,C15610,C15613,C15614,C17331,C17332,C17333,C17335,C17336,C17337,C17339,C17343,C17345,C17346"
Steroid hormone biosynthesis,"C00187,C00280,C00410,C00468,C00523,C00535,C00674,C00735,C00762,C00951,C01124,C01176,C01227,C01780,C01953,C02140,C02373,C02537,C02538,C03205,C03681,C03747,C03772,C03852,C03917,C03935,C04042,C04295,C04373,C04518,C04555,C04676,C05138,C05139,C05140,C05141,C05284,C05285,C05290,C05291,C05293,C05294,C05295,C05296,C05297,C05298,C05299,C05300,C05301,C05302,C05469,C05470,C05471,C05472,C05473,C05474,C05475,C05476,C05477,C05478,C05479,C05480,C05481,C05482,C05483,C05484,C05485,C05487,C05488,C05489,C05490,C05497,C05498,C05499,C05500,C05501,C05502,C05503,C05504,C08357,C08358,C08359,C11131,C11132,C11133,C11134,C11135,C11136,C13712,C13713,C18038,C18039,C18040,C18041,C18042,C18043,C18044,C18045,C18075,C22831,C22832"
Glycerolipid metabolism,"C00029,C00040,C00093,C00103,C00111,C00116,C00162,C00173,C00184,C00197,C00258,C00416,C00422,C00577,C00631,C00641,C00681,C00969,C01885,C02133,C02457,C03692,C04046,C04315,C04872,C05401,C06037,C06038,C06040,C06041,C06042,C06364,C06365,C11521,C13508,C20897,C20898,C20991"
Glycerophospholipid metabolism,"C00040,C00065,C00084,C00093,C00111,C00114,C00157,C00189,C00269,C00307,C00344,C00346,C00350,C00416,C00513,C00570,C00588,C00623,C00641,C00670,C00681,C01194,C01210,C01233,C01241,C01996,C02737,C03372,C03819,C03872,C03892,C03974,C04230,C04233,C04308,C04438,C04590,C04638,C05973,C05974,C05976,C05980,C06771,C06772,C13482,C18059,C18125,C18126,C18129,C18168,C18169,C20466,C20518,C22340,C22341,C22342"
Ether lipid metabolism,"C00670,C00958,C01233,C01264,C02773,C03201,C03372,C03454,C03715,C03820,C03968,C04317,C04361,C04475,C04517,C04598,C04635,C04756,C05212,C05977,C15645,C15646,C15647,C20825,C20859"
Sphingolipid metabolism,"C00065,C00154,C00195,C00319,C00346,C00550,C00836,C01120,C01190,C01290,C01747,C02686,C02934,C02960,C03108,C03272,C03405,C03640,C04730,C04737,C04884,C04911,C05681,C06062,C06124,C06125,C06126,C06127,C06128,C06135,C06136,C12126,C12144,C12145,C22467"
Arachidonic acid metabolism,"C00157,C00219,C00427,C00584,C00639,C00696,C00909,C01312,C02165,C02166,C02198,C03577,C04577,C04671,C04707,C04742,C04758,C04805,C04822,C04835,C04853,C05356,C05949,C05950,C05951,C05952,C05953,C05954,C05955,C05956,C05957,C05958,C05959,C05960,C05961,C05962,C05963,C05964,C05965,C05966,C06314,C06315,C06462,C13809,C14717,C14732,C14748,C14749,C14768,C14769,C14770,C14771,C14772,C14773,C14774,C14775,C14776,C14777,C14778,C14779,C14780,C14781,C14782,C14794,C14795,C14807,C14808,C14809,C14810,C14811,C14812,C14813,C14814,C14815,C14820,C14821,C14822,C14823,C14824"
Linoleic acid metabolism,"C00157,C00219,C01595,C03242,C04056,C04717,C06426,C07289,C07338,C07354,C14762,C14765,C14766,C14767,C14825,C14826,C14827,C14828,C14829,C14831,C14832,C14833,C14834,C14835,C14836,C14837,C19937,C20186,C22918"
alpha-Linolenic acid metabolism,"C00157,C01226,C04672,C04780,C04785,C06427,C08491,C08492,C11512,C16300,C16308,C16309,C16310,C16311,C16316,C16317,C16318,C16319,C16320,C16321,C16322,C16323,C16324,C16325,C16326,C16327,C16328,C16330,C16331,C16332,C16334,C16335,C16336,C16338,C16339,C16341,C16342,C16343,C16344,C16345,C16346,C19757,C21923,C21924"
Biosynthesis of unsaturated fatty acids,"C00154,C00219,C00249,C00412,C00510,C00712,C01203,C01530,C01595,C02041,C02050,C02249,C03035,C03242,C03595,C04088,C05764,C06425,C06426,C06427,C06428,C06429,C08281,C08316,C08320,C08323,C16160,C16161,C16162,C16163,C16164,C16165,C16166,C16167,C16168,C16169,C16170,C16171,C16172,C16173,C16179,C16180,C16513,C16522,C16525,C16526,C16527,C16528,C16529,C16530,C16531,C16532,C16533,C16645,C17279,C21072,C21932,C21934,C21935,C21937,C21939,C21941,C21943,C21945,C21947,C21949,C21951,C21953,C21959,C21961,C21963,C21965,C21967,C21981"
Purine metabolism,"C00002,C00008,C00011,C00014,C00020,C00035,C00037,C00039,C00044,C00046,C00048,C00053,C00054,C00059,C00064,C00081,C00086,C00104,C00117,C00119,C00130,C00131,C00144,C00147,C00169,C00206,C00209,C00212,C00224,C00242,C00262,C00286,C00288,C00294,C00301,C00330,C00360,C00361,C00362,C00366,C00385,C00387,C00499,C00559,C00575,C00603,C00620,C00655,C00700,C00802,C00942,C01228,C01260,C01261,C01344,C01345,C01367,C01444,C01762,C02091,C02348,C02350,C02353,C02718,C03090,C03373,C03483,C03614,C03794,C03838,C04051,C04376,C04392,C04494,C04640,C04677,C04734,C04751,C04823,C05239,C05512,C05513,C05515,C05516,C05993,C06193,C06194,C06195,C06196,C06197,C06433,C06435,C11821,C12248,C15667,C22395,C22441,C22442,C22443,C22499,C22500"
Pyrimidine metabolism,"C00015,C00039,C00046,C00055,C00063,C00064,C00075,C00086,C00099,C00105,C00106,C00112,C00119,C00169,C00178,C00214,C00222,C00239,C00295,C00299,C00337,C00363,C00364,C00365,C00380,C00383,C00429,C00438,C00458,C00459,C00460,C00475,C00526,C00672,C00705,C00813,C00881,C00941,C01013,C01103,C01168,C01205,C01346,C01368,C01563,C02067,C02170,C02354,C02355,C02376,C02642,C03997,C05281,C05822,C06198,C11038,C11039,C15607,C20231,C20249,C20253,C20254,C20846,C21028,C21029,C22509"
aspartate and glutamate metabolism,No Metabolites found
serine and threonine metabolis,No Metabolites found
Cysteine and methionine metabolism,"C00019,C00021,C00022,C00041,C00049,C00051,C00059,C00065,C00073,C00094,C00097,C00109,C00155,C00170,C00197,C00263,C00283,C00409,C00441,C00491,C00506,C00606,C00793,C00957,C00979,C01005,C01077,C01118,C01137,C01180,C01234,C01817,C01962,C02218,C02291,C02356,C02989,C03082,C03089,C03145,C03232,C03431,C03539,C04188,C04582,C05324,C05524,C05526,C05527,C05528,C05823,C05824,C06547,C08276,C09306,C11437,C11481,C11499,C11537,C15606,C15650,C15651,C18049,C19787,C21015,C21016,C22359"
leucine and isoleucine degradation,No Metabolites found
leucine and isoleucine biosynthesis,No Metabolites found
Lysine degradation,"C00024,C00026,C00037,C00042,C00047,C00068,C00136,C00164,C00322,C00332,C00408,C00431,C00449,C00450,C00487,C00489,C00527,C00739,C00877,C00956,C00990,C01087,C01142,C01144,C01149,C01181,C01186,C01211,C01259,C01672,C02188,C02727,C03087,C03196,C03239,C03273,C03366,C03656,C03793,C04020,C04076,C04092,C04487,C05161,C05231,C05544,C05545,C05546,C05548,C05825,C06157,C12455,C15972,C15973,C16741,C22667"
Arginine biosynthesis,"C00011,C00014,C00025,C00026,C00049,C00062,C00064,C00077,C00086,C00122,C00169,C00327,C00437,C00624,C01010,C01250,C03406,C04133,C15532,C20948,C20949,C20950,C20951"
Arginine and proline metabolism,"C00012,C00019,C00022,C00025,C00048,C00062,C00077,C00086,C00134,C00148,C00179,C00213,C00223,C00300,C00315,C00334,C00406,C00431,C00436,C00441,C00533,C00555,C00581,C00750,C00763,C00791,C00884,C00986,C01035,C01043,C01110,C01137,C01157,C01165,C01250,C01682,C02305,C02565,C02647,C02714,C02946,C03078,C03166,C03287,C03296,C03375,C03415,C03564,C03771,C03912,C04137,C04281,C05147,C05931,C05932,C05933,C05936,C05938,C05945,C05946,C05947,C10497,C15699,C15700,C15767,C18172,C18174,C18326,C19706"
Histidine metabolism,"C00025,C00026,C00049,C00119,C00135,C00386,C00388,C00439,C00785,C00860,C01044,C01045,C01100,C01152,C01262,C01267,C01929,C02739,C02741,C02835,C03277,C03409,C03680,C04437,C04666,C04677,C04896,C04916,C05127,C05130,C05131,C05133,C05135,C05565,C05568,C05570,C05571,C05572,C05575,C05827,C05828,C05829,C16673,C16674,C20522,C20994,C20995"
Tyrosine metabolism,"C00022,C00042,C00082,C00122,C00146,C00164,C00232,C00355,C00483,C00530,C00544,C00547,C00628,C00642,C00788,C00811,C00822,C01036,C01060,C01061,C01161,C01179,C01384,C01693,C01829,C01850,C02167,C02442,C02465,C02514,C02515,C03063,C03077,C03758,C03765,C03964,C04043,C04045,C04052,C04185,C04186,C04368,C04642,C04796,C04797,C05338,C05350,C05576,C05577,C05578,C05579,C05580,C05581,C05582,C05583,C05584,C05585,C05587,C05588,C05589,C05593,C05594,C05595,C05596,C05600,C05604,C06044,C06046,C06047,C06048,C06199,C06201,C10447,C17935,C17936,C17937,C17938,C22038"
Phenylalanine metabolism,"C00022,C00024,C00042,C00079,C00082,C00084,C00091,C00122,C00166,C00423,C00512,C00582,C00596,C00601,C00642,C01198,C01772,C02137,C02232,C02265,C02505,C02763,C03519,C03589,C04044,C04148,C04479,C05332,C05593,C05598,C05607,C05629,C05852,C05853,C06207,C07086,C11457,C11588,C12621,C12622,C12623,C12624,C14144,C14145,C15524,C19945,C19946,C19975,C20062"
Tryptophan metabolism,"C00024,C00078,C00108,C00322,C00328,C00331,C00332,C00398,C00463,C00527,C00632,C00637,C00643,C00780,C00877,C00954,C00955,C00978,C01111,C01144,C01249,C01252,C01598,C01717,C01987,C02161,C02172,C02220,C02298,C02470,C02693,C02700,C02775,C02937,C02938,C03227,C03230,C03453,C03574,C03722,C03824,C04409,C05634,C05635,C05636,C05637,C05638,C05639,C05640,C05641,C05642,C05643,C05644,C05645,C05646,C05647,C05648,C05651,C05652,C05653,C05654,C05655,C05656,C05658,C05659,C05660,C05663,C05830,C05831,C05832,C05834,C05835,C05837,C06212,C06213,C08313,C10164,C16516,C16517,C16518,C17203,C22006,C22202"
tyrosine and tryptophan biosynthesis,No Metabolites found
beta-Alanine metabolism,"C00024,C00049,C00083,C00099,C00100,C00106,C00135,C00222,C00315,C00334,C00383,C00386,C00429,C00555,C00750,C00804,C00864,C00894,C00986,C01013,C01073,C01262,C02335,C02642,C03492,C03722,C05340,C05341,C05665,C05668,C05669,C05670"
Taurine and hypotaurine metabolism,"C00022,C00024,C00025,C00026,C00033,C00041,C00084,C00094,C00097,C00227,C00245,C00506,C00519,C00593,C00606,C01678,C01959,C03149,C05122,C05123,C05844,C06735,C14179,C19685"
Phosphonate and phosphinate metabolism,"C00022,C00033,C00037,C00058,C00074,C00084,C00117,C01151,C01438,C02798,C03167,C03557,C04650,C05672,C05673,C05674,C05675,C05676,C05677,C05678,C05679,C05680,C05681,C05682,C05683,C06367,C06368,C06451,C06455,C06456,C06457,C06459,C17940,C17941,C17942,C17943,C17944,C17945,C17947,C17948,C17949,C17950,C17951,C17952,C17960,C17961,C17962,C20396,C20422,C20423,C20440,C20986,C21372,C21403,C21404,C21613"
Selenocompound metabolism,"C00017,C00041,C01528,C02535,C05172,C05335,C05336,C05684,C05686,C05688,C05689,C05690,C05695,C05697,C05698,C05699,C05703,C06481,C06482,C16638,C18870,C18871,C18872,C18893,C18902,C18904,C18905"
D-Amino acid metabolism,"C00022,C00025,C00026,C00036,C00037,C00041,C00047,C00049,C00062,C00064,C00065,C00073,C00077,C00079,C00084,C00097,C00133,C00134,C00135,C00148,C00166,C00188,C00217,C00402,C00431,C00433,C00515,C00624,C00666,C00680,C00692,C00739,C00740,C00763,C00792,C00793,C00819,C00820,C00855,C00993,C01110,C01157,C01180,C01667,C01672,C01726,C02237,C02265,C02855,C03239,C03341,C03440,C03564,C03771,C03933,C03943,C04260,C04282,C04457,C05161,C05620,C05825,C05939,C05941,C05942,C06419,C22024,C22025,C22611"
Glutathione metabolism,"C00005,C00006,C00024,C00025,C00037,C00051,C00072,C00077,C00097,C00127,C00134,C00151,C00315,C00669,C00750,C01322,C01419,C01672,C01879,C02090,C02320,C03170,C03646,C03740,C05422,C05726,C05727,C05729,C05730,C16562,C16563,C16564,C16565,C16566,C16567,C16568,C16663,C16664"
N-Glycan biosynthesis,"C00096,C00110,C00381,C00621,C01246,C03021,C03862,C06081"
Various types of N-glycan biosynthesis,No Metabolites found
Mucin type O-glycan biosynthesis,C02189
Mannose type O-glycan biosynthesis,"C00063,C00789,C01068,C02189"
Other types of O-glycan biosynthesis,No Metabolites found
Glycosaminoglycan biosynthesis - chondroitin sulfate / dermatan sulfate,"C00053,C00054,C00401,C01490,C02189"
Glycosaminoglycan biosynthesis - heparan sulfate / heparin,"C00033,C00053,C00054,C02189"
Glycosaminoglycan biosynthesis - keratan sulfate,No Metabolites found
Glycosaminoglycan degradation,"C00426,C00573,C00634,C00925"
Glycosylphosphatidylinositol (GPI)-anchor biosynthesis,"C00154,C00346,C00350,C01194"
Glycosphingolipid biosynthesis - lacto and neolacto series,No Metabolites found
Glycosphingolipid biosynthesis - globo and isoglobo series,No Metabolites found
Glycosphingolipid biosynthesis - ganglio series,No Metabolites found
Other glycan degradation,No Metabolites found
Thiamine metabolism,"C00003,C00018,C00022,C00037,C00068,C00082,C00097,C00118,C00378,C01081,C01279,C02892,C03028,C03373,C04294,C04327,C04556,C04752,C05856,C11437,C15809,C15810,C15811,C15812,C15813,C15814,C19872,C20246,C20247,C20267,C20784"
Riboflavin metabolism,"C00016,C00044,C00061,C00199,C00235,C00255,C00474,C01007,C01268,C01304,C01352,C01390,C01727,C01847,C03114,C04332,C04454,C04732,C05995,C15556,C15563,C18910,C21214,C21215"
Vitamin B6 metabolism,"C00018,C00064,C00117,C00118,C00232,C00250,C00266,C00279,C00314,C00534,C00627,C00647,C00847,C00971,C01215,C01270,C03393,C04106,C04604,C04690,C04773,C06050,C06051,C06052,C06054,C06055,C06056,C07335,C11638"
Nicotinate and nicotinamide metabolism,"C00003,C00006,C00022,C00042,C00049,C00111,C00122,C00153,C00163,C00232,C00253,C00334,C00455,C00745,C00857,C00922,C01020,C01056,C01059,C01185,C01297,C01384,C01596,C02295,C02918,C02930,C03043,C03056,C03150,C03458,C03652,C03722,C04226,C05380,C05840,C05841,C05842,C05843,C06178,C15523,C15986,C15987,C16151,C16152,C16159,C16386,C16390,C18232,C19567,C19569,C19631,C20361,C20381,C21075,C21154"
Pantothenate and CoA biosynthesis,"C00010,C00022,C00049,C00054,C00097,C00099,C00106,C00141,C00183,C00229,C00429,C00522,C00750,C00831,C00864,C00882,C00966,C01053,C01088,C01134,C02642,C03492,C03688,C04079,C04272,C04352,C05665,C05944,C06010,C18911"
Biotin metabolism,"C00047,C00086,C00120,C01037,C01063,C01092,C01209,C01894,C01909,C02656,C05552,C05921,C06250,C19673,C19845,C19846,C20372,C20373,C20374,C20375,C20376,C20377,C20378,C20384,C20385,C20386,C20387,C20683,C22458"
Lipoic acid metabolism,"C00011,C00014,C00022,C00024,C00026,C00037,C00068,C00091,C00101,C00141,C00143,C00233,C00322,C00527,C00630,C00671,C01242,C01944,C02051,C02147,C02939,C02972,C05125,C05381,C05752,C06157,C06423,C15972,C15973,C15974,C15975,C15976,C15977,C15978,C15979,C15980,C16238,C16241,C16254,C16255,C22159,C22160,C22161,C22667"
Folate biosynthesis,"C00044,C00101,C00119,C00156,C00251,C00266,C00268,C00272,C00415,C00504,C00568,C00835,C00921,C01217,C01300,C01304,C02587,C02953,C03541,C03684,C04244,C04807,C04874,C04895,C05922,C05923,C05924,C05925,C05926,C05927,C06148,C06313,C09332,C11355,C15522,C15996,C16675,C18237,C18239,C18802,C19848,C19871,C20239,C20248,C20264,C20559,C20562,C20566,C20567,C21007,C21008,C21065,C21094,C21107,C21310,C21485,C21486,C21640"
One carbon pool by folate,"C00101,C00143,C00234,C00415,C00440,C00445,C00504,C00664,C03479"
Retinol metabolism,"C00376,C00473,C00777,C00778,C00899,C02075,C02094,C02110,C02588,C03455,C05914,C05915,C05916,C05917,C11061,C15492,C15493,C16677,C16678,C16679,C16680,C16681,C16682,C16683,C21797"
Porphyrin metabolism,"C00025,C00032,C00037,C00188,C00194,C00430,C00486,C00500,C00524,C00541,C00748,C00853,C00931,C00992,C01024,C01051,C01079,C01708,C02139,C02191,C02463,C02469,C02800,C02823,C02880,C02987,C03029,C03114,C03179,C03194,C03263,C03373,C03516,C03741,C04122,C04536,C04778,C05306,C05307,C05766,C05767,C05768,C05769,C05770,C05772,C05773,C05774,C05775,C05777,C05778,C05779,C05780,C05781,C05782,C05783,C05784,C05785,C05786,C05787,C05789,C05790,C05791,C05793,C05794,C05795,C05797,C05798,C05912,C05913,C06319,C06320,C06399,C06406,C06407,C06408,C06416,C06503,C06504,C06505,C06506,C06507,C06508,C06509,C06510,C11242,C11243,C11538,C11540,C11542,C11543,C11545,C11630,C11829,C11830,C11831,C11832,C11850,C11851,C12147,C14818,C14819,C15670,C15672,C16242,C16243,C16244,C16540,C16541,C17401,C18021,C18022,C18064,C18098,C18151,C18152,C18153,C18154,C18155,C18156,C18157,C18160,C18161,C18162,C18163,C19608,C20666,C21217,C21284,C21427,C21428,C21429,C21431,C21432,C21433,C21434,C21435,C21510,C21511,C21512,C21582,C21723,C21724,C21764,C21835,C22338,C22339,C22450,C22451"
Ubiquinone and other terpenoid-quinone biosynthesis,"C00082,C00156,C00223,C00251,C00341,C00353,C00390,C00423,C00544,C00811,C00828,C00885,C01179,C02059,C02477,C02483,C02730,C02949,C03160,C03313,C03657,C03964,C03993,C04145,C05427,C05807,C05817,C05819,C05847,C05848,C05849,C06986,C10793,C13309,C14151,C14152,C14153,C14154,C14155,C14156,C15547,C15882,C15883,C16519,C16695,C16999,C17010,C17017,C17018,C17412,C17551,C17552,C17554,C17559,C17570,C18131,C18132,C18133,C18134,C18135,C19847,C19858,C19859,C20265,C20737,C20738,C20772,C20773,C21084,C21860,C22039"
Terpenoid backbone biosynthesis,"C00022,C00024,C00118,C00129,C00235,C00332,C00341,C00353,C00356,C00418,C00448,C01107,C01126,C01143,C01230,C02321,C03461,C04145,C04146,C04216,C04506,C04574,C04748,C05427,C05859,C06081,C11434,C11435,C11436,C11437,C11453,C11811,C16521,C16826,C17432,C18321,C19691,C19760,C19852,C19853,C20120,C20121,C20345,C20847,C20848,C22453"
Caffeine metabolism,"C00048,C00385,C01762,C07130,C07480,C07481,C13747,C16352,C16353,C16355,C16356,C16357,C16358,C16359,C16360,C16361,C16362,C16363,C16364,C16365,C16366,C21144"
kanamycin and gentamicin biosynthesi,No Metabolites found
Metabolism of xenobiotics by cytochrome P450,"C00745,C00829,C02617,C03012,C06205,C06755,C06790,C06800,C06899,C07490,C07535,C11036,C11088,C11148,C11149,C11150,C11278,C11713,C11714,C14039,C14040,C14453,C14556,C14783,C14784,C14785,C14786,C14787,C14788,C14789,C14790,C14791,C14792,C14793,C14796,C14797,C14798,C14799,C14800,C14801,C14802,C14803,C14804,C14805,C14806,C14839,C14840,C14841,C14842,C14843,C14844,C14845,C14846,C14847,C14848,C14849,C14850,C14851,C14852,C14853,C14854,C14855,C14856,C14857,C14858,C14859,C14860,C14861,C14862,C14863,C14864,C14865,C14866,C14867,C14868,C14869,C14870,C14871,C14872,C14873,C14874,C14875,C14876,C14877,C16453,C16756,C19488,C19489,C19490,C19559,C19561,C19562,C19563,C19564,C19565,C19566,C19567,C19568,C19569,C19574,C19577,C19578,C19579,C19580,C19581,C19582,C19585,C19586,C19588,C19589,C19590,C19591,C19592,C19594,C19595,C19602,C19603,C19604,C19605,C19606,C19607"
Drug metabolism - cytochrome P450,"C01471,C01516,C05011,C06174,C06754,C06868,C07047,C07073,C07108,C07163,C07185,C07492,C07493,C07495,C07496,C07501,C07572,C07643,C07644,C07645,C07646,C07647,C07888,C08012,C11004,C11583,C11785,C16544,C16545,C16546,C16547,C16548,C16549,C16550,C16551,C16552,C16553,C16554,C16555,C16556,C16557,C16558,C16559,C16560,C16561,C16569,C16570,C16571,C16572,C16576,C16577,C16578,C16582,C16584,C16586,C16587,C16591,C16592,C16595,C16596,C16601,C16602,C16603,C16604,C16605,C16606,C16607,C16608,C16609,C16610,C16612,C16643,C16648,C16649,C16650,C16651,C16652,C16653,C16654,C16655,C16656,C16657,C16658,C16659,C16660,C16661,C16662"
Drug metabolism - other enzymes,"C00003,C00006,C02320,C02380,C04242,C04646,C05361,C06108,C06837,C07054,C07446,C07447,C07585,C07648,C07649,C11173,C11376,C11736,C12650,C12673,C12739,C13252,C16542,C16543,C16613,C16614,C16615,C16616,C16617,C16618,C16619,C16620,C16621,C16622,C16623,C16624,C16625,C16630,C16631,C16632,C16633,C16634,C16635,C16641,C21748,C21749,C21750,C21751,C21754,C21758,C21759,C21760"
RNA polymerase,No Metabolites found
Basal transcription factors,No Metabolites found
Spliceosome,No Metabolites found
Ribosome,No Metabolites found
Aminoacyl-tRNA biosynthesis,"C00025,C00037,C00041,C00047,C00049,C00062,C00064,C00065,C00073,C00078,C00079,C00082,C00097,C00101,C00123,C00135,C00148,C00152,C00183,C00188,C00234,C00407,C00886,C01005,C01931,C02047,C02163,C02282,C02412,C02430,C02553,C02554,C02702,C02839,C02984,C02987,C02988,C02992,C03125,C03127,C03294,C03402,C03511,C03512,C06112,C06113,C06481,C06482,C16138,C16638,C17022,C17027"
Nucleocytoplasmic transport,No Metabolites found
mRNA surveillance pathway,No Metabolites found
Ribosome biogenesis in eukaryotes,No Metabolites found
Protein export,No Metabolites found
Protein processing in endoplasmic reticulum,C00076
SNARE interactions in vesicular transport,No Metabolites found
Ubiquitin mediated proteolysis,No Metabolites found
Sulfur relay system,"C00019,C00041,C00044,C00097,C00378,C00868,C00979,C05924,C17322,C18237,C18239"
Proteasome,No Metabolites found
RNA degradation,No Metabolites found
DNA replication,No Metabolites found
Base excision repair,No Metabolites found
Nucleotide excision repair,No Metabolites found
Mismatch repair,No Metabolites found
Homologous recombination,No Metabolites found
Non-homologous end-joining,No Metabolites found
Fanconi anemia pathway,No Metabolites found
ATP-dependent chromatin remodeling,No Metabolites found
Polycomb repressive complex,No Metabolites found
Viral life cycle - HIV-1,No Metabolites found
Virion - Human immunodeficiency virus,C00925
Virion - Rotavirus,No Metabolites found
Virion - Flavivirus,"C00607,C00925"
Lyssavirus and Morbilliviru,No Metabolites found
Virion - Herpesvirus,No Metabolites found
Virion - Adenovirus,No Metabolites found
ABC transporters,"C00009,C00025,C00031,C00032,C00034,C00037,C00038,C00041,C00047,C00049,C00051,C00059,C00062,C00064,C00065,C00070,C00077,C00079,C00086,C00088,C00089,C00093,C00095,C00098,C00107,C00114,C00116,C00120,C00121,C00123,C00134,C00135,C00137,C00140,C00148,C00151,C00159,C00175,C00181,C00183,C00185,C00188,C00208,C00212,C00243,C00244,C00245,C00255,C00259,C00288,C00291,C00294,C00299,C00315,C00320,C00330,C00333,C00338,C00378,C00379,C00387,C00392,C00407,C00430,C00470,C00475,C00487,C00491,C00492,C00503,C00526,C00559,C00719,C00794,C00855,C00865,C00881,C00919,C00973,C01083,C01153,C01157,C01177,C01181,C01279,C01330,C01417,C01487,C01606,C01630,C01667,C01674,C01682,C01684,C01762,C01834,C01835,C01935,C01946,C02160,C02273,C03557,C03611,C03619,C04114,C04137,C05349,C05402,C05512,C05776,C06227,C06229,C06230,C06232,C06687,C06705,C06706,C06707,C06767,C07662,C07663,C11612,C13768,C14818,C14819,C15521,C15719,C16421,C16692,C19609,C19872,C20570,C20571,C20572,C20573,C20679,C21066,C22040"
MAPK signaling pathway,"C00076,C00165,C00338,C00575,C01245"
ErbB signaling pathway,"C00076,C00165,C01245,C05981"
Ras signaling pathway,"C00035,C00044,C00076,C00165,C00575,C01245,C05981"
Rap1 signaling pathway,"C00035,C00044,C00076,C00165,C00575"
Wnt signaling pathway,C00076
Notch signaling pathway,C22528
Hedgehog signaling pathway,C00575
TGF-beta signaling pathway,C14819
Hippo signaling pathway,No Metabolites found
Hippo signaling pathway - multiple species,No Metabolites found
VEGF signaling pathway,"C00076,C00165,C00533,C01245,C01312,C05981"
Apelin signaling pathway,"C00076,C00080,C00165,C00290,C00533,C00575,C01245,C01330,C06124"
JAK-STAT signaling pathway,No Metabolites found
NF-kappa B signaling pathway,"C00076,C00165,C01245"
TNF signaling pathway,No Metabolites found
HIF-1 signaling pathway,"C00002,C00007,C00022,C00024,C00026,C00031,C00072,C00076,C00165,C00186,C00338,C00533,C00704,C01245,C14818"
FoxO signaling pathway,"C00008,C00020,C00025,C00031,C05981"
Calcium signaling pathway,"C00002,C00004,C00076,C00165,C00575,C01245,C01330,C06124,C11556,C13050,C13051"
Phosphatidylinositol signaling system,"C00076,C00137,C00269,C00416,C00641,C01177,C01194,C01204,C01220,C01243,C01245,C01272,C01277,C01284,C03546,C04006,C04062,C04063,C04477,C04549,C04637,C05981,C11174,C11526,C11554,C11555,C11556,C11557,C20690"
Phospholipase D signaling pathway,"C00025,C00076,C00165,C00416,C00575,C00639,C00681,C01245,C04637,C05981,C06124"
Sphingolipid signaling pathway,"C00065,C00154,C00165,C00195,C00212,C00319,C00346,C00533,C00550,C00836,C01245,C05981,C06124,C12126,C16845"
cAMP signaling pathway,"C00020,C00042,C00076,C00080,C00165,C00186,C00212,C00238,C00288,C00334,C00416,C00547,C00575,C00584,C00698,C00780,C00788,C01089,C01245,C01312,C01330,C01996,C03758,C20792,C20793"
cGMP-PKG signaling pathway,"C00020,C00027,C00076,C00144,C00212,C00238,C00533,C00575,C00942,C01245"
PI3K-Akt signaling pathway,"C00020,C00533,C04637,C05981"
AMPK signaling pathway,"C00003,C00008,C00020,C00022,C00024,C00031,C00040,C00076,C00083,C00085,C00162,C00354,C00389,C00665,C00668,C00698,C00757,C01172,C04677,C05981,C07151,C09731"
mTOR signaling pathway,"C00020,C00062,C00123,C05981"
Neuroactive ligand-receptor interaction,"C00002,C00008,C00015,C00025,C00037,C00049,C00075,C00099,C00212,C00245,C00334,C00388,C00398,C00410,C00483,C00506,C00547,C00584,C00639,C00681,C00696,C00735,C00780,C00788,C01120,C01312,C01516,C01598,C01829,C01996,C02165,C02166,C02198,C02465,C03758,C04227,C04598,C05113,C05951,C05952,C06124,C06314,C06865,C11695,C12270,C12271,C12272,C13856,C15890,C15891,C15995,C16511,C16512"
Cytokine-cytokine receptor interaction,No Metabolites found
Viral protein interaction with cytokine and cytokine receptor,No Metabolites found
ECM-receptor interaction,No Metabolites found
Cell adhesion molecules,No Metabolites found
Endocytosis,"C00035,C00044,C04549,C04637,C05981,C11556"
Phagosome,C04549
Lysosome,"C00002,C00008,C00159,C00275"
Peroxisome,"C17302,C17303"
Autophagy - animal,"C00035,C00044,C00350,C01194,C04549,C05981"
Autophagy - other,"C00350,C01194,C04549"
Mitophagy - animal,"C00035,C00044"
Efferocytosis,"C00002,C00003,C00019,C00031,C00062,C00073,C00075,C00077,C00134,C00162,C00186,C00187,C00584,C02530,C02737,C04230,C06124,C06314,C15519,C15610,C18178"
Cell cycle,No Metabolites found
Oocyte meiosis,"C00076,C00410,C00575,C01245"
Apoptosis,"C00027,C00076,C00319,C05981"
Apoptosis - multiple species,No Metabolites found
Ferroptosis,"C00010,C00024,C00025,C00027,C00032,C00051,C00097,C00127,C00129,C00219,C00356,C00418,C00491,C00669,C02249,C02477,C11378,C14818,C14819,C16170,C16527,C16844,C21478,C21479,C21480,C21481,C21482,C21483,C21484"
Necroptosis,"C00002,C00027,C00076,C00195,C00219,C00305,C00319,C00550,C14592,C16844"
p53 signaling pathway,No Metabolites found
Cellular senescence,"C00027,C00076,C05981,C07909,C16844"
Focal adhesion,"C04637,C05981"
Adherens junction,No Metabolites found
Tight junction,C00076
Gap junction,"C00025,C00076,C00165,C00533,C00547,C00575,C00681,C00780,C00942,C01245,C03758"
Signaling pathways regulating pluripotency of stem cells,No Metabolites found
Motor proteins,No Metabolites found
Cytoskeleton in muscle cells,No Metabolites found
Regulation of actin cytoskeleton,"C00681,C01996,C04637,C05981,C11554"
Hematopoietic cell lineage,No Metabolites found
Complement and coagulation cascades,"C00290,C00306,C00471,C00752,C01065,C01715,C02002,C03259,C03262,C03378,C03379,C03780,C04001,C16510,C22531,C22532,C22533,C22534,C22535,C22536,C22537,C22538,C22539,C22540,C22541,C22542,C22543,C22544,C22545,C22546,C22547"
Platelet activation,"C00002,C00008,C00076,C00165,C00219,C00427,C00533,C00575,C00942,C01245,C01312,C02198,C05956,C05981"
Neutrophil extracellular trap formation,"C00027,C00039,C00076,C00165,C00338,C00464,C00518,C00551,C00704,C01245,C05151,C05981,C11221"
Toll-like receptor signaling pathway,No Metabolites found
NOD-like receptor signaling pathway,"C00002,C00076,C00155,C00238,C00533,C01245"
RIG-I-like receptor signaling pathway,C00046
Cytosolic DNA-sensing pathway,"C00039,C20640"
C-type lectin receptor signaling pathway,"C00027,C00076,C00159,C00165,C00584,C00965,C01019,C01245,C16844,C21790,C21791"
Natural killer cell mediated cytotoxicity,"C00076,C00165,C01245,C05981"
Antigen processing and presentation,No Metabolites found
T cell receptor signaling pathway,"C00076,C00165,C01245,C05981"
Th1 and Th2 cell differentiation,"C00076,C00165,C01245"
Th17 cell differentiation,"C00076,C00165,C00777,C01245"
IL-17 signaling pathway,No Metabolites found
B cell receptor signaling pathway,"C00076,C00165,C01245,C05981"
Fc epsilon RI signaling pathway,"C00076,C00165,C00219,C00374,C00388,C00696,C01245,C02166,C05951,C05952,C05981"
Fc gamma R-mediated phagocytosis,"C00076,C00165,C00219,C00416,C01245,C04637,C05981,C06124"
Leukocyte transendothelial migration,"C00027,C00076,C00575,C04637"
Intestinal immune network for IgA production,"C00777,C15493"
Chemokine signaling pathway,"C00076,C00165,C00575,C01245,C05981"
Insulin secretion,"C00002,C00022,C00031,C00076,C00092,C00162,C00165,C00238,C00575,C01245,C01330,C01996"
Insulin signaling pathway,"C00031,C00369,C00575,C05981"
Glucagon signaling pathway,"C00022,C00024,C00026,C00031,C00036,C00040,C00042,C00074,C00076,C00083,C00085,C00103,C00122,C00149,C00158,C00182,C00186,C00197,C00311,C00354,C00575,C00631,C00665,C00668,C01172,C01245"
Regulation of lipolysis in adipocytes,"C00020,C00116,C00162,C00165,C00212,C00219,C00422,C00547,C00575,C00584,C00788,C00942,C01885,C02140"
Adipocytokine signaling pathway,"C00040,C00076,C00083,C00162,C00165,C00195,C00638,C15493"
PPAR signaling pathway,"C02165,C14762,C14767,C14776,C15493"
GnRH secretion,"C00076,C00165,C00238,C00334,C00535,C00951,C01245,C01330,C04637"
GnRH signaling pathway,"C00076,C00165,C00219,C00416,C00575,C01245"
Ovarian steroidogenesis,"C00187,C00219,C00280,C00410,C00468,C00535,C00575,C00639,C00951,C01176,C01227,C01953,C02249,C02530,C04295,C05138,C05301,C05356,C05966,C14209,C14768,C14769,C14770,C14777"
Estrogen signaling pathway,"C00076,C00165,C00238,C00334,C00533,C00575,C00951,C01245"
Progesterone-mediated oocyte maturation,"C00410,C00575,C05981,C11554"
Prolactin signaling pathway,"C00002,C00031,C00082,C00092,C00280,C00355,C00410,C00468,C00951,C03758,C05981"
Oxytocin signaling pathway,"C00076,C00165,C00219,C00238,C00427,C00533,C00575,C00584,C00639,C00942,C01245,C13050"
Relaxin signaling pathway,"C00076,C00165,C00533,C00575,C01245,C05981"
Growth hormone synthesi,"C00076,C00165,C00575,C01245"
Thyroid hormone synthesis,"C00001,C00005,C00006,C00007,C00027,C00051,C00076,C00092,C00117,C00127,C00165,C00231,C00238,C00575,C00708,C01060,C01245,C01330,C01829,C02465,C02515"
Thyroid hormone signaling pathway,"C00076,C00080,C00165,C00238,C00575,C01245,C01330,C01829,C02465,C05981,C07639"
Parathyroid hormone synthesi,"C00009,C00020,C00076,C00165,C00575,C00698,C01245,C01330,C01561,C01673,C18231"
Melanogenesis,"C00076,C00082,C00165,C00575,C01245,C05606"
Renin secretion,"C00001,C00002,C00008,C00020,C00076,C00212,C00238,C00533,C00547,C00575,C00584,C00698,C00788,C00873,C00942,C01245,C02135"
Renin-angiotensin system,"C11711,C11712"
Aldosterone synthesis and secretion,"C00003,C00004,C00005,C00006,C00020,C00076,C00165,C00187,C00219,C00238,C00410,C00575,C00942,C01124,C01245,C01330,C01780,C01953,C02140,C03205,C14777,C14822"
Cortisol synthesis and secretion,"C00020,C00076,C00187,C00238,C00410,C00575,C00735,C01176,C01245,C01953,C05138,C05488"
Cardiac muscle contraction,"C00076,C00080,C00238,C01330"
Adrenergic signaling in cardiomyocytes,"C00076,C00080,C00165,C00238,C00547,C00575,C00788,C01245,C01330,C07056"
Vascular smooth muscle contraction,"C00076,C00165,C00212,C00219,C00238,C00533,C00547,C00575,C00942,C01245,C01312,C14748,C14768,C14769,C14770,C14771"
Salivary secretion,"C00001,C00011,C00076,C00080,C00165,C00238,C00288,C00533,C00547,C00575,C00698,C00942,C01245,C01330,C01353,C01996,C13050"
Gastric acid secretion,"C00001,C00011,C00076,C00080,C00165,C00238,C00288,C00388,C00575,C00698,C01245,C01330,C01353,C01996"
Pancreatic secretion,"C00001,C00011,C00076,C00080,C00165,C00238,C00288,C00575,C00698,C01245,C01330,C01353,C01996,C13050,C13051"
Bile secretion,"C00001,C00011,C00024,C00026,C00031,C00051,C00080,C00114,C00187,C00238,C00288,C00315,C00318,C00366,C00486,C00504,C00575,C00584,C00639,C00695,C00698,C00735,C00750,C00780,C00805,C00865,C00942,C01330,C01353,C01405,C01443,C01576,C01829,C01844,C01921,C01937,C01996,C02165,C02166,C02380,C02465,C02528,C02530,C02538,C02918,C03033,C03642,C03758,C03990,C04483,C04555,C05122,C05371,C05465,C05466,C05503,C05551,C05963,C06526,C06570,C06688,C06804,C06810,C06880,C06890,C06956,C06999,C07014,C07051,C07065,C07151,C07184,C07185,C07201,C07207,C07210,C07240,C07394,C07512,C07649,C07660,C07966,C08357,C08439,C09955,C11158,C11231,C11245,C11277,C11310,C11363,C11587,C11754,C12560,C16114,C16578,C16643"
Carbohydrate digestion and absorption,"C00011,C00031,C00033,C00076,C00089,C00092,C00095,C00124,C00163,C00165,C00208,C00238,C00243,C00246,C00282,C00369,C00707,C00714,C00760,C01330,C01355,C01835,C02049,C05981,C08822,C12284,C12285"
Protein digestion and absorption,"C00011,C00014,C00025,C00033,C00037,C00041,C00047,C00049,C00062,C00064,C00065,C00073,C00076,C00078,C00079,C00080,C00082,C00097,C00099,C00123,C00134,C00135,C00146,C00148,C00152,C00163,C00183,C00188,C00238,C00246,C00282,C00388,C00407,C00463,C00483,C00491,C01327,C01330,C01438,C01468,C01672,C01746,C02632,C05996,C08262,C16138,C18319"
Fat digestion and absorption,"C00010,C00040,C00162,C00165,C00187,C00416,C00422,C00681,C00865,C01558,C01885,C02112,C02530"
Cholesterol metabolism,"C00162,C00187,C00422,C00865,C01921,C02530,C05122,C05465,C05466,C15610"
Vitamin digestion and absorption,"C00003,C00010,C00016,C00018,C00061,C00068,C00072,C00080,C00120,C00153,C00162,C00187,C00194,C00250,C00255,C00376,C00378,C00422,C00473,C00504,C00534,C00647,C00681,C00828,C00864,C01330,C01558,C01885,C02059,C02075,C02094,C02112,C02477,C02530,C02823,C05377,C05443,C05552,C06453,C08230,C12981,C13202"
Cobalamin transport and metabolism,"C00073,C00091,C00101,C00155,C00194,C00440,C00541,C01213,C02823,C06409,C06410,C06453,C08230,C22880"
Mineral absorption,"C00009,C00031,C00032,C00037,C00038,C00041,C00064,C00065,C00070,C00073,C00076,C00078,C00079,C00080,C00123,C00124,C00148,C00152,C00183,C00188,C00238,C00288,C00305,C00407,C00698,C01330,C01673,C14818,C14819"
Vasopressin-regulated water reabsorption,"C00001,C00575"
Aldosterone-regulated sodium reabsorption,"C00238,C00575,C00698,C00735,C00762,C01330,C01780,C05981"
Endocrine and other factor-regulated calcium reabsorption,"C00076,C00165,C00238,C00575,C00951,C01245,C01330,C01673"
Proximal tubule bicarbonate reclamation,"C00001,C00011,C00014,C00025,C00026,C00036,C00064,C00074,C00080,C00149,C00238,C00267,C00288,C00698,C01330,C01353,C01358"
Collecting duct acid secretion,"C00001,C00011,C00014,C00080,C00238,C00288,C00698,C01353"
Glutamatergic synapse,"C00025,C00064,C00076,C00165,C00238,C00575,C01245,C01330"
GABAergic synapse,"C00025,C00026,C00042,C00064,C00076,C00238,C00334,C00575,C00698"
Cholinergic synapse,"C00010,C00024,C00033,C00076,C00114,C00165,C00238,C00575,C01245,C01330,C01996,C04637"
Dopaminergic synapse,"C00076,C00082,C00165,C00238,C00355,C00575,C01161,C01245,C01330,C03758,C05582,C05587"
Serotonergic synapse,"C00076,C00078,C00165,C00219,C00238,C00427,C00575,C00584,C00639,C00643,C00696,C00780,C00909,C01245,C01330,C02165,C02166,C02198,C04822,C05356,C05635,C05953,C05954,C05955,C05956,C05957,C05963,C05964,C05965,C05966,C14768,C14769,C14770,C14771,C14772,C14773,C14774,C14775,C14812,C14820,C14821,C14823"
Long-term potentiation,"C00025,C00076,C00165,C00305,C00575,C01245,C01330"
Long-term depression,"C00025,C00076,C00165,C00219,C00533,C00641,C00942,C01245,C01330"
Retrograde endocannabinoid signaling,"C00025,C00076,C00116,C00157,C00165,C00189,C00219,C00238,C00334,C00350,C00427,C00575,C00689,C01245,C01330,C11695,C13856,C19912,C19913"
Synaptic vesicle cycle,"C00002,C00025,C00037,C00076,C00080,C00334,C00388,C00547,C00780,C01996,C03758,C16041"
Neurotrophin signaling pathway,"C00076,C00165,C00195,C01245,C05981"
Phototransduction,"C00076,C00144,C00238,C00305,C00376,C00942,C01330,C02110"
Olfactory transduction,"C00020,C00076,C00144,C00238,C00575,C00698,C00942,C01330"
Taste transduction,"C00002,C00008,C00020,C00025,C00031,C00076,C00080,C00089,C00095,C00130,C00133,C00144,C00149,C00158,C00208,C00238,C00334,C00547,C00575,C00740,C00780,C01245,C01327,C01330,C01451,C01996,C02265,C06526,C11045,C12283,C12284,C19378"
Inflammatory mediator regulation of TRP channels,"C00002,C00076,C00080,C00165,C00219,C00388,C00400,C00469,C00575,C00584,C00780,C00808,C00809,C00903,C01245,C01330,C02165,C04742,C04805,C05965,C05966,C06254,C06866,C07600,C09155,C09179,C09844,C11695,C12083,C12271,C14768,C14769,C19317,C20171,C20698"
Axon guidance,C00076
Osteoclast differentiation,"C00027,C00076,C01245"
Longevity regulating pathway,"C00003,C00020,C00076,C00575,C03582,C05981,C07151,C07909"
Longevity regulating pathway - multiple species,"C00575,C05981"
Circadian rhythm,"C00076,C00575"
Circadian entrainment,"C00025,C00076,C00165,C00238,C00533,C00575,C00942,C01330,C01598"
Thermogenesis,"C00002,C00004,C00008,C00010,C00024,C00040,C00080,C00116,C00162,C00165,C00318,C00422,C00547,C00575,C00745,C00942,C00951,C01352,C01885,C02301,C02465,C11695,C13856"
Pathways in cancer,"C00027,C00039,C00076,C00122,C00149,C00165,C00187,C00280,C00410,C00416,C00533,C00535,C00575,C00584,C00681,C00704,C00735,C00762,C00777,C00951,C01227,C01245,C01471,C03917,C05981,C07653,C15493,C16038,C16844,C21641,C21642"
Transcriptional misregulation in cancer,No Metabolites found
MicroRNAs in cancer,No Metabolites found
Proteoglycans in cancer,"C00426,C00573,C00607,C00925"
Chemical carcinogenesis - DNA adducts,"C00027,C03012,C03621,C03622,C06268,C06547,C06548,C06752,C06754,C06793,C06800,C07122,C07535,C07641,C10998,C14556,C14704,C14783,C14849,C14850,C14851,C14852,C14853,C14854,C14855,C14856,C14874,C16038,C16453,C16844,C19164,C19180,C19255,C19488,C19489,C19490,C19525,C19559,C19561,C19562,C19563,C19564,C19565,C19566,C19567,C19568,C19569,C19574,C19577,C19578,C19579,C19580,C19581,C19582,C19586,C19602,C19603,C19605,C19606,C20280,C20281,C20282,C20283,C20284,C20285,C20286,C20287,C20288,C20289,C20290,C20291,C20293,C20301,C20302,C20303,C20304,C20305,C20306"
Chemical carcinogenesis - receptor activation,"C00076,C00410,C00547,C00575,C00745,C00780,C00788,C00951,C03690,C04623,C05981,C06697,C06790,C06916,C07020,C07434,C07535,C07557,C08150,C11042,C11150,C11371,C11906,C13624,C14240,C14573,C15995,C16452,C16453"
Chemical carcinogenesis - reactive oxygen species,"C00001,C00003,C00005,C00006,C00007,C00019,C00021,C00023,C00027,C00051,C00070,C00084,C00127,C00146,C00291,C00469,C00472,C00530,C00704,C00951,C01407,C01413,C01782,C02389,C02575,C02814,C03434,C03622,C04623,C05301,C05309,C05981,C06268,C06269,C06696,C07294,C07295,C07308,C07535,C07557,C10998,C14209,C14850,C14852,C16038,C16453,C16844,C18205,C18933,C19171,C20300,C20316,C20319,C22355,C22356,C22357,C22381"
Viral carcinogenesis,No Metabolites found
Central carbon metabolism in cancer,"C00022,C00024,C00025,C00026,C00031,C00036,C00037,C00041,C00042,C00049,C00062,C00064,C00065,C00073,C00074,C00078,C00079,C00082,C00085,C00092,C00097,C00122,C00123,C00135,C00148,C00149,C00152,C00158,C00183,C00186,C00197,C00311,C00354,C00407,C00631,C00665,C00704"
Choline metabolism in cancer,"C00093,C00114,C00157,C00162,C00165,C00307,C00416,C00588,C00670,C04230,C05981"
PD-L1 expression and PD-1 checkpoint pathway in cancer,"C00076,C00165,C01245,C05981"
Colorectal cancer,C05981
Pancreatic cancer,"C00416,C05981"
Hepatocellular carcinoma,"C00027,C00039,C00076,C00165,C00533,C00704,C01245,C01471,C05981,C06793,C06800,C16844,C21641,C21642"
Gastric cancer,"C00039,C00777,C05981,C15493"
Glioma,"C00076,C00165,C01245,C05981"
Thyroid cancer,No Metabolites found
Acute myeloid leukemia,C05981
Chronic myeloid leukemia,C05981
Basal cell carcinoma,C00187
Melanoma,C05981
Renal cell carcinoma,"C00007,C00122,C00149"
Bladder cancer,No Metabolites found
Prostate cancer,"C00280,C00410,C00535,C00735,C00762,C00951,C01227,C03917,C05981,C07653,C16038"
Endometrial cancer,C05981
Breast cancer,"C00410,C00951,C05981"
Small cell lung cancer,"C00777,C05981,C15493"
Non-small cell lung cancer,"C00076,C00165,C00777,C01245,C05981,C15493"
Human T-cell leukemia virus 1 infection,"C00027,C00076,C00238,C00575,C05981"
Human immunodeficiency virus 1 infection,"C00076,C00165,C01245,C05981,C20640"
Hepatitis B,C00076
Hepatitis C,"C05981,C20935"
Coronavirus disease - COVID-19,"C00027,C00046,C00165,C00290,C00533,C00704,C00873,C02135,C15850,C20640"
Influenza A,"C00027,C00080,C05981"
Measles,C05981
Herpes simplex virus 1 infection,"C05981,C20640,C20935"
Human cytomegalovirus infection,"C00076,C00165,C00584,C01245,C05981,C20640"
Kaposi sarcoma-associated herpesvirus infection,"C00076,C00165,C00350,C01245,C05981"
Epstein-Barr virus infection,"C00076,C01245,C05981"
Human papillomavirus infection,"C00575,C00584,C05981"
Vibrio cholerae infection,"C00014,C00080,C00165,C00238,C00575,C00698,C01245,C01330,C04911"
Epithelial cell signaling in Helicobacter pylori infection,"C00014,C00080,C00086,C00698,C01342"
Pathogenic Escherichia coli infection,"C00338,C00350,C00681"
Salmonella infection,"C00338,C01194,C04549,C05981,C11554"
Shigellosis,"C00076,C00123,C00165,C00238,C00338,C00407,C01245,C04549,C04637,C04737,C05981,C11472,C11557,C20640"
Yersinia infection,"C00076,C00338,C01245,C04637,C05981"
Pertussis,"C00002,C00076,C00238,C00253,C00338,C00374,C00575,C05005,C12505,C19596"
Legionellosis,"C00338,C01277"
Staphylococcus aureus infection,"C11596,C20898"
Tuberculosis,"C00076,C00338,C01194,C01561,C01673,C04549,C06124,C19190,C21790"
Bacterial invasion of epithelial cells,No Metabolites found
Amoebiasis,"C00027,C00062,C00076,C00165,C00219,C00533,C00575,C00584,C01074,C01245,C01498,C02737,C18287"
Malaria,"C00533,C00634"
Toxoplasmosis,"C00076,C05981,C06314"
Leishmaniasis,"C00076,C00195,C00219,C00533,C00584,C02737"
Chagas disease,"C00062,C00076,C00533,C00575,C01245,C05981"
African trypanosomiasis,"C00076,C00078,C00165,C00328,C00533,C00584,C00696,C01245"
Asthma,"C00388,C00696,C02166,C04598,C05951"
Systemic lupus erythematosus,"C00027,C00434,C02737"
Rheumatoid arthritis,"C00080,C00584,C05443"
Autoimmune thyroid disease,"C01382,C01829,C02465"
Inflammatory bowel disease,No Metabolites found
Allograft rejection,C00533
Graft-versus-host disease,"C00338,C00533"
Primary immunodeficiency,No Metabolites found
Alzheimer disease,"C00027,C00038,C00070,C00076,C00533,C00704,C01245,C01319,C04549,C05981,C14818,C16514,C16515,C16845,C19610,C21011,C21012,C21013,C21014"
Parkinson disease,"C00002,C00007,C00008,C00009,C00013,C00020,C00027,C00034,C00076,C00082,C00165,C00212,C00355,C00575,C00704,C01245,C03758,C04043,C04599,C07593,C11310,C14701,C15231,C16844,C17755,C22381"
Amyotrophic lateral sclerosis,"C00001,C00008,C00025,C00027,C00039,C00046,C00062,C00070,C00076,C00533,C00704,C04549,C16844,C16845"
Huntington disease,"C00025,C00076,C00238,C01245,C01330,C04549"
Spinocerebellar ataxia,"C00025,C00076,C00165,C00238,C01245,C01330,C04549"
Prion disease,"C00027,C00076,C00575,C00704,C02140"
Pathways of neurodegeneration - multiple diseases,"C00001,C00002,C00008,C00009,C00012,C00013,C00017,C00020,C00025,C00027,C00062,C00070,C00076,C00165,C00533,C00704,C01245,C01330,C01996,C04549,C04599,C07593,C11310,C15231,C16514,C16515,C16844,C16845,C21011,C21012,C21013,C21014"
Cocaine addiction,"C00025,C00027,C00082,C00355,C00575,C01161,C03758"
Amphetamine addiction,"C00025,C00027,C00076,C00082,C00355,C00575,C01161,C01330,C03758"
Morphine addiction,"C00020,C00076,C00212,C00238,C00334,C00575,C00698,C03758"
Nicotine addiction,"C00025,C00076,C00334,C00698,C00745,C01330,C01996"
Alcoholism,"C00025,C00027,C00076,C00082,C00212,C00355,C00469,C00575,C01161,C03758"
Lipid and atherosclerosis,"C00027,C00076,C00187,C00338,C00422,C00704,C00865,C01245,C02530,C05981,C21011,C21012,C21013,C21014"
Fluid shear stress and atherosclerosis,"C00076,C00272,C00518,C00533,C00607,C00704,C00925,C16845"
Hypertrophic cardiomyopathy,"C00002,C00076,C01330"
Arrhythmogenic right ventricular cardiomyopathy,"C00076,C01330"
Dilated cardiomyopathy,"C00076,C00575,C01330"
Diabetic cardiomyopathy,"C00001,C00002,C00005,C00006,C00022,C00024,C00027,C00031,C00043,C00051,C00076,C00085,C00092,C00095,C00118,C00127,C00162,C00165,C00195,C00236,C00318,C00352,C00369,C00533,C00546,C00704,C00794,C00873,C02135,C02843,C05981,C06156,C16844,C21011,C21012,C21013,C21014,C22310,C22311"
Viral myocarditis,No Metabolites found
Type II diabetes mellitus,"C00002,C00022,C00031,C00076,C00162,C00238"
Type I diabetes mellitus,"C00027,C00533,C00704"
Maturity onset diabetes of the young,No Metabolites found
Alcoholic liver disease,"C00003,C00005,C00006,C00024,C00033,C00040,C00076,C00083,C00084,C00469,C22381"
Non-alcoholic fatty liver disease,"C00031,C00162"
Insulin resistance,"C00022,C00024,C00031,C00043,C00083,C00085,C00092,C00095,C00162,C00165,C00195,C00352,C00369,C00422,C00533,C02571,C02843,C05981,C06156"
AGE-RAGE signaling pathway in diabetic complications,"C00031,C00076,C00165,C00195,C01245,C21011,C21012,C21013,C21014"
Cushing syndrome,"C00020,C00076,C00187,C00238,C00410,C00575,C00735,C01176,C01245,C01953,C05138,C05488,C07557"
EGFR tyrosine kinase inhibitor resistance,"C00165,C05981"
Platinum drug resistance,No Metabolites found
Antifolate resistance,"C00020,C00073,C00101,C00119,C00130,C00143,C00144,C00155,C00234,C00364,C00365,C00415,C00440,C00504,C11374,C21279,C21280"
Endocrine resistance,"C00280,C00535,C00575,C00951,C16547"